Name,Lat1,Lon1,Lat2,Lon2
"C103,D865",34.913763,-118.787793,34.826237,-118.707665
"C107,C39",38.485606,-121.245072,38.168485,-121.010271
"C136,C138",33.796498,-116.281406,33.71505,-117.046669
"C141,C142",33.733596,-114.512402,33.331374,-114.700434
"C142,C143",33.331374,-114.700434,32.876277,-114.472921
"C143,Mexico",32.876277,-114.472921,32.713869,-114.724307
"C152,C156",32.696148,-115.283007,33.465816,-117.125257
"C161,HARMWD",34.434379,-118.060554,34.148633,-118.005872
"C161,WTP504",34.434379,-118.060554,33.92173358,-118.2598676
"C173,HSU207C173",38.597707,-121.263215,38.19387614,-121.1702198
"C173,WTP207",38.597707,-121.263215,38.42384445,-121.0637096
"C310,C323",37.883943,-121.632889,37.905885,-122.095726
"C323,C310",37.905885,-122.095726,37.883943,-121.632889
"C37,C38",38.315892,-121.371882,38.255915,-121.440063
"C39,PMP_Walnut",38.168485,-121.010271,37.927401,-122.072919
"C54,D608",36.652949,-120.180991,36.783784,-120.371568
"C70,C71",37.982252,-121.804568,38.01895,-121.925952
"C88,C78",37.811639,-120.304215,37.75930409,-122.1737202
"GW_SC,HGPSC",36.839633,-121.347721,36.83918,-121.371613
"D848,D849",35.470854,-120.353657,35.321507,-120.564469
"D849,WTP406",35.321507,-120.564469,35.28271128,-120.6651076
"HNP406,HXI406",35.27354445,-120.6763366,35.27904467,-120.6763366
"HP406,U406",35.27904467,-120.6673534,35.280878,-120.671845
"HXI406,EXT_SB_SLO",35.27904467,-120.6763366,35.27721131,-120.6763366
"INT_SB_SLO,WWP406",35.27721131,-120.6673534,35.27354445,-120.671845
"U406,HXI406",35.280878,-120.671845,35.27904467,-120.6763366
"U406,INT_SB_SLO",35.280878,-120.671845,35.27721131,-120.6673534
"WTP406,U406",35.28271128,-120.6651076,35.280878,-120.671845
"WWP406,HNP406",35.27354445,-120.671845,35.27354445,-120.6763366
"WWP406,HP406",35.27354445,-120.671845,35.27904467,-120.6673534
"C134,PMP_Iron",34.316624,-114.15866,34.147952,-115.122397
"C143,C149",32.876277,-114.472921,32.713952,-114.943412
"C146,SR_SS",33.669427,-116.14603,33.347441,-115.801168
"C147,SR_SS",33.634004,-116.277885,33.347441,-115.801168
"C149,C147",32.713952,-114.943412,33.634004,-116.277885
"C157,SR_SS",33.638206,-116.199088,33.347441,-115.801168
"GW_HF,HGPHF",33.691076,-115.641943,33.705204,-115.636046
"HARHF,GW_HF",33.691572,-115.627419,33.691076,-115.641943
"HGPHF,PMP_JH",33.705204,-115.636046,33.706821,-115.628523
"PMP_Eagle,PMP_JH",33.808229,-115.451612,33.706821,-115.628523
"PMP_JH,HARHF",33.706821,-115.628523,33.691572,-115.627419
"A507,HU507",33.66596535,-116.22455,33.662227,-116.22455
"AGS_COACH,HSD507",33.65848849,-116.2200584,33.66596535,-116.2155668
"HSU507C147,A507",33.65661918,-116.2155668,33.66596535,-116.22455
"HU507,AGG_COACH",33.662227,-116.22455,33.65848849,-116.2290416
"HU507,AGS_COACH",33.662227,-116.22455,33.65848849,-116.2200584
"AGG_COACH,HGRCH",33.65848849,-116.2290416,33.679436,-116.203366
"C136,C145",33.796498,-116.281406,33.695549,-116.160152
"C145,HARCH",33.695549,-116.160152,33.744428,-116.288204
"C146,C145",33.669427,-116.14603,33.695549,-116.160152
"C147,C158",33.634004,-116.277885,33.689005,-116.302679
"C147,HSU507C147",33.634004,-116.277885,33.65661918,-116.2155668
"C147,WTP507",33.634004,-116.277885,33.71684205,-116.2288076
"C157,WTPA507",33.638206,-116.199088,33.635576,-116.23285
"C158,HARCH",33.689005,-116.302679,33.744428,-116.288204
"EXT_COACH,HGRCH",33.71123778,-116.2400366,33.679436,-116.203366
"GW_CH,HGPCH",33.677938,-116.225385,33.677307,-116.245845
"HARCH,GW_CH",33.744428,-116.288204,33.677938,-116.225385
"HGPCH,A507",33.677307,-116.245845,33.66596535,-116.22455
"HGPCH,U507",33.677307,-116.245845,33.714974,-116.235545
"HGRCH,GW_CH",33.679436,-116.203366,33.677938,-116.225385
"HSD507,C157",33.66596535,-116.2155668,33.638206,-116.199088
"HNP507,HXI507",33.70750141,-116.2400366,33.71310591,-116.2400366
"HP507,U507",33.71310591,-116.2310534,33.714974,-116.235545
"HXI507,EXT_COACH",33.71310591,-116.2400366,33.71123778,-116.2400366
"INT_COACH,WWP507",33.71123778,-116.2310534,33.70750141,-116.235545
"U507,HXI507",33.714974,-116.235545,33.71310591,-116.2400366
"U507,INT_COACH",33.714974,-116.235545,33.71123778,-116.2310534
"WTP507,U507",33.71684205,-116.2288076,33.714974,-116.235545
"WWP507,HNP507",33.70750141,-116.235545,33.70750141,-116.2400366
"WWP507,HP507",33.70750141,-116.235545,33.71310591,-116.2310534
"WTPA507,C147",33.635576,-116.23285,33.634004,-116.277885
"WWP507,C145",33.70750141,-116.235545,33.695549,-116.160152
"WWP507,C158",33.70750141,-116.235545,33.689005,-116.302679
"A512,HU512",32.80163848,-114.547426,32.797863,-114.547426
"HSU512C143,A512",32.79219948,-114.5384428,32.80163848,-114.547426
"HU512,AgS_Bard",32.797863,-114.547426,32.79408736,-114.5429344
"A508,HU508",33.58058605,-114.674303,33.576844,-114.674303
"AGS_Palo,HSD508",33.57310179,-114.6698114,33.58058605,-114.6653198
"HSU508C141,A508",33.57123062,-114.6653198,33.58058605,-114.674303
"HU508,AGS_Palo",33.576844,-114.674303,33.57310179,-114.6698114
"C134,C141",34.316624,-114.15866,33.733596,-114.512402
"C141,HSU508C141",33.733596,-114.512402,33.57123062,-114.6653198
"C141,WTP508",33.733596,-114.512402,33.6131313,-114.5866136
"C143,HSU512C143",32.876277,-114.472921,32.79219948,-114.5384428
"SR_CR1,C141",34.317015,-114.156781,33.733596,-114.512402
"SR_CR2,C143",34.317015,-114.156781,32.876277,-114.472921
"SR_CR2,SR_CR1",34.317015,-114.156781,34.317015,-114.156781
"SR_CR3,C134",34.317015,-114.156781,34.316624,-114.15866
"SR_CR3,SR_CR2",34.317015,-114.156781,34.317015,-114.156781
"HNP508,HXI508",33.60377939,-114.5978426,33.60939066,-114.5978426
"HP508,U508",33.60939066,-114.5888594,33.611261,-114.593351
"HXI508,EXT_Blythe",33.60939066,-114.5978426,33.60752028,-114.5978426
"INT_Blythe,WWP508",33.60752028,-114.5888594,33.60377939,-114.593351
"U508,HXI508",33.611261,-114.593351,33.60939066,-114.5978426
"U508,INT_Blythe",33.611261,-114.593351,33.60752028,-114.5888594
"WTP508,U508",33.6131313,-114.5866136,33.611261,-114.593351
"WWP508,HNP508",33.60377939,-114.593351,33.60377939,-114.5978426
"WWP508,HP508",33.60377939,-114.593351,33.60939066,-114.5888594
"A510,HU510",32.86018499,-115.449747,32.856412,-115.449747
"AGS_IMP,HSD510",32.85263885,-115.4452554,32.86018499,-115.4407638
"HSU510C152,A510",32.85075221,-115.4407638,32.86018499,-115.449747
"HU510,AGS_IMP",32.856412,-115.449747,32.85263885,-115.4452554
"C148,SR_SS",33.207844,-115.616578,33.347441,-115.801168
"C149,PWP_AAC",32.713952,-114.943412,32.759523,-115.066274
"C151,C152",32.705015,-115.121056,32.696148,-115.283007
"C151,HARIM",32.705015,-115.121056,32.87562,-115.430556
"C152,HSU510C152",32.696148,-115.283007,32.85075221,-115.4407638
"C152,WTP510",32.696148,-115.283007,32.78818801,-115.5549106
"EXT_El_Cen,HGRIM",32.78252387,-115.5661396,32.952095,-115.529285
"GW_IM,HGPIM",32.900703,-115.499983,32.846899,-115.497164
"HARIM,GW_IM",32.87562,-115.430556,32.900703,-115.499983
"HGPIM,A510",32.846899,-115.497164,32.86018499,-115.449747
"HGPIM,U510",32.846899,-115.497164,32.7863,-115.561648
"HGRIM,GW_IM",32.952095,-115.529285,32.900703,-115.499983
"HSD510,SR_SS",32.86018499,-115.4407638,33.347441,-115.801168
"PWP_AAC,C151",32.759523,-115.066274,32.705015,-115.121056
"HNP510,HXI510",32.77874758,-115.5661396,32.78441195,-115.5661396
"HP510,U510",32.78441195,-115.5571564,32.7863,-115.561648
"HXI510,EXT_El_Cen",32.78441195,-115.5661396,32.78252387,-115.5661396
"INT_El_Cen,WWP510",32.78252387,-115.5571564,32.77874758,-115.561648
"U510,HXI510",32.7863,-115.561648,32.78441195,-115.5661396
"U510,INT_El_Cen",32.7863,-115.561648,32.78252387,-115.5571564
"WTP510,U510",32.78818801,-115.5549106,32.7863,-115.561648
"WWP510,HNP510",32.77874758,-115.561648,32.77874758,-115.5661396
"WWP510,HP510",32.77874758,-115.561648,32.78441195,-115.5571564
"WWP510,SR_SS",32.77874758,-115.561648,33.347441,-115.801168
"PMP_Iron,PMP_Eagle",34.147952,-115.122397,33.808229,-115.451612
"PMP_JH,C136",33.706821,-115.628523,33.796498,-116.281406
"WWP507,SR_SS",33.70750141,-116.235545,33.347441,-115.801168
"D507,D509",38.110938,-121.706983,38.047594,-121.918557
"D525,D528",38.062589,-121.583128,38.040893,-121.910242
"D606,D609",36.825709,-120.016457,36.773949,-120.285999
"D606,HSU306D606",36.825709,-120.016457,37.27693215,-120.3424758
"D608,HSU402AD60",36.783784,-120.371568,36.600896,-120.274087
"D608,HSU404AD60",36.783784,-120.371568,36.651445,-119.972678
"D613,D731",36.746234,-120.424322,36.781815,-120.421569
"D714,HARSC",37.039902,-121.267861,37.680437,-122.000982
"D714,WTP304",37.039902,-121.267861,37.35753112,-121.8889336
"D745,D747",36.803567,-120.707933,36.55144,-120.42588
"D747,C85",36.55144,-120.42588,36.968684,-120.716937
"D847,D848",35.718302,-120.005391,35.470854,-120.353657
"D865,HARKRN",34.826237,-118.707665,35.033277,-118.767607
"D876,C161",34.150573,-117.388555,34.434379,-118.060554
"D884,D885",34.777319,-118.728724,34.739898,-118.798985
"D888,C161",34.515843,-118.610133,34.434379,-118.060554
"D94,SR_WHI",40.718868,-122.803134,40.59933,-122.539575
"D98,HSU207D98",38.255915,-121.440063,38.19387614,-121.1702198
"D507,HSU206D507",38.110938,-121.706983,38.0307273,-121.5651048
"D513,D515",38.242352,-121.496053,38.118053,-121.500658
"D513,D521",38.242352,-121.496053,38.029041,-121.472711
"D517,D515",38.255915,-121.440063,38.118053,-121.500658
"PMP_ISOL_F,D59",38.159435,-121.684559,37.8315,-121.552948
"EXT_SAC,HGR08",38.61391451,-121.3449286,38.33679,-121.007159
"HARSC,GW_SC",37.680437,-122.000982,36.839633,-121.347721
"HGP08,U204",38.338931,-121.049501,38.617424,-121.340437
"HGPKRN,D865",35.029826,-118.837723,34.826237,-118.707665
"HGPSC,U304",36.83918,-121.371613,37.355746,-121.895671
"HGRSC,GW_SC",37.404386,-121.790241,36.839633,-121.347721
"HSD206,D509",38.03957159,-121.5651048,38.047594,-121.918557
"HSD207,D517",38.20270069,-121.1702198,38.255915,-121.440063
"HSD508,C142",33.58058605,-114.6653198,33.331374,-114.700434
"SR_CLE,D94",40.800868,-122.763134,40.718868,-122.803134
"PMP_SoBay,D891",37.779219,-121.626072,37.636578,-121.771229
"R303,HSUR303",36.872499,-120.49862,36.766428,-120.391923
"R_MDT,D732",36.725933,-120.340183,36.788238,-120.36116
"C104,C105",38.474423,-121.50858,38.483439,-121.317155
"C11,HSU103BC11",39.92562,-122.13631,39.037713,-121.970816
"C12,D76b",39.71085,-122.008773,39.677017,-121.976155
"C13,HSU103AC13",39.790053,-122.049766,39.528295,-122.130697
"C15,C301",39.211784,-122.012333,38.784515,-121.645792
"C15,C313",39.211784,-122.012333,38.802366,-121.721225
"C16,C20",38.714689,-122.085967,38.515628,-121.58917
"C18,C20",38.638574,-121.660726,38.515628,-121.58917
"C19,C20",38.494738,-122.005748,38.515628,-121.58917
"C23,C25",39.527825,-121.547803,39.455147,-121.633976
"C23,SR_TAB",39.527825,-121.547803,39.461068,-121.644748
"C29,C83",39.220021,-121.40931,39.201537,-121.456283
"C304,C305",39.346259,-121.9804,39.34735,-122.029836
"C313,C313b",38.802366,-121.721225,38.79564,-121.729199
"C67,C314",38.693021,-121.632747,38.642568,-121.730597
"C67,WTP203",38.693021,-121.632747,38.66315761,-121.7933936
"C69,D76b",39.802835,-122.052499,39.677017,-121.976155
"C7,C20",38.630844,-121.562402,38.515628,-121.58917
"C8,C104",38.598297,-121.508672,38.474423,-121.50858
"C80,HSU202C80",39.057311,-121.526224,39.3046839,-121.4321258
"C83,HSU202C83",39.201537,-121.456283,39.3046839,-121.4321258
"C87,D77",40.259758,-122.187112,40.152878,-122.203106
"A104,HU104",39.0769419,-121.800888,39.073455,-121.800888
"CVPM04S,HSD104",39.06996793,-121.7963964,39.0769419,-121.7919048
"HSU104D30,A104",39.06822433,-121.7919048,39.0769419,-121.800888
"HU104,CVPM04G",39.073455,-121.800888,39.06996793,-121.8053796
"HU104,CVPM04S",39.073455,-121.800888,39.06996793,-121.7963964
"A204,HU204",38.84620927,-121.397769,38.842711,-121.397769
"CVPM07S,HSD204",38.83921256,-121.3932774,38.84620927,-121.3887858
"HSU204C33,A204",38.83746327,-121.3887858,38.84620927,-121.397769
"HSU204C67,A204",38.83746327,-121.3887858,38.84620927,-121.397769
"HSU204D42,A204",38.83746327,-121.3887858,38.84620927,-121.397769
"HU204,CVPM07G",38.842711,-121.397769,38.83921256,-121.4022606
"HU204,CVPM07S",38.842711,-121.397769,38.83921256,-121.3932774
"C105,C107",38.483439,-121.317155,38.485606,-121.245072
"C105,WTP204",38.483439,-121.317155,38.61917868,-121.3336996
"C173,C107",38.597707,-121.263215,38.485606,-121.245072
"C25,C31",39.455147,-121.633976,39.12727,-121.597389
"C25,WTP201",39.455147,-121.633976,39.14605272,-121.6473326
"C301,D43",38.784515,-121.645792,38.784589,-121.634426
"C307,D42",39.30252,-121.630009,38.841809,-121.633072
"C308,D37",39.000895,-121.407068,38.939279,-121.579071
"C31,D37",39.12727,-121.597389,38.939279,-121.579071
"C31,WTP201",39.12727,-121.597389,39.14605272,-121.6473326
"C32,C80",38.890898,-121.605072,39.057311,-121.526224
"C32,D42",38.890898,-121.605072,38.841809,-121.633072
"C33,C308",39.009748,-121.377193,39.000895,-121.407068
"C33,HSU204C33",39.009748,-121.377193,38.83746327,-121.3887858
"C67,C7",38.693021,-121.632747,38.630844,-121.562402
"C67,HSU204C67",38.693021,-121.632747,38.83746327,-121.3887858
"C7,C8",38.630844,-121.562402,38.598297,-121.508672
"C8,WTP204",38.598297,-121.508672,38.61917868,-121.3336996
"C83,C31",39.201537,-121.456283,39.12727,-121.597389
"CVPM04G,HGR04",39.06996793,-121.8053796,38.973006,-121.742553
"CVPM07G,HGR07",38.83921256,-121.4022606,38.77407,-121.375662
"D37,C32",38.939279,-121.579071,38.890898,-121.605072
"D42,D43",38.841809,-121.633072,38.784589,-121.634426
"D42,HSU204D42",38.841809,-121.633072,38.83746327,-121.3887858
"D43,C67",38.784589,-121.634426,38.693021,-121.632747
"D43a,N203",39.191915,-121.720122,39.154077,-121.850531
"D61B,D43",39.028456,-121.735589,38.784589,-121.634426
"D64,C8",38.599197,-121.329605,38.598297,-121.508672
"D64,WTP204",38.599197,-121.329605,38.61917868,-121.3336996
"D66A,N203",39.5057,-121.98676,39.154077,-121.850531
"D85,D64",38.631408,-121.27056,38.599197,-121.329605
"D9,C173",38.636772,-121.218375,38.597707,-121.263215
"D9,D85",38.636772,-121.218375,38.631408,-121.27056
"EXT_CVPM04,HGR04",38.92197263,-121.7651986,38.973006,-121.742553
"EXT_CVPM05,HGR05",39.12430862,-121.4154806,39.159295,-121.399548
"EXT_YUBA,HGR05",39.14082743,-121.6585616,39.159295,-121.399548
"GW_04,HGP04",38.974068,-121.764286,38.973967,-121.786569
"GW_05,HGP05",39.159767,-121.416087,39.159424,-121.432084
"GW_07,HGP07",38.774541,-121.394331,38.773138,-121.406827
"HGP04,A104",38.973967,-121.786569,39.0769419,-121.800888
"HGP04,U104",38.973967,-121.786569,38.925467,-121.760707
"HGP05,R201",39.159424,-121.432084,39.338508,-121.802422
"HGP05,R202",39.159424,-121.432084,39.082917,-121.739638
"HGP05,U201",39.159424,-121.432084,39.144311,-121.65407
"HGP05,U202",39.159424,-121.432084,39.127793,-121.410989
"HGP07,A204",38.773138,-121.406827,38.84620927,-121.397769
"HGP07,U204",38.773138,-121.406827,38.617424,-121.340437
"HGR04,GW_04",38.973006,-121.742553,38.974068,-121.764286
"HGR05,GW_05",39.159295,-121.399548,39.159767,-121.416087
"HGR07,GW_07",38.77407,-121.375662,38.774541,-121.394331
"HSD204,C7",38.84620927,-121.3887858,38.630844,-121.562402
"HSR201,R201",39.32736,-121.625814,39.338508,-121.802422
"HSR202,R202",39.127067,-121.712475,39.082917,-121.739638
"HSUR201,R_GLD",39.333184,-121.842669,39.321512,-121.817653
"HSUR202,R_SUT",39.077348,-121.752957,39.068641,-121.739792
"INT_CVPM04,HGR04",38.92197263,-121.7562154,38.973006,-121.742553
"INT_CVPM05,HGR05",39.12430862,-121.4064974,39.159295,-121.399548
"N13,D66A",39.590034,-121.996227,39.5057,-121.98676
"N203,D61B",39.154077,-121.850531,39.028456,-121.735589
"N203,R202",39.154077,-121.850531,39.082917,-121.739638
"R201,HSUR201",39.338508,-121.802422,39.333184,-121.842669
"R202,HSUR202",39.082917,-121.739638,39.077348,-121.752957
"R_GLD,C307",39.321512,-121.817653,39.30252,-121.630009
"R_SUT,D61B",39.068641,-121.739792,39.028456,-121.735589
"SR_FOL,D9",38.699903,-121.168058,38.636772,-121.218375
"SR_FOL,WTP204",38.699903,-121.168058,38.61917868,-121.3336996
"SR_TAB,C25",39.461068,-121.644748,39.455147,-121.633976
"SR_TAB,C80",39.461068,-121.644748,39.057311,-121.526224
"U104,EXT_CVPM04",38.925467,-121.760707,38.92197263,-121.7651986
"U104,INT_CVPM04",38.925467,-121.760707,38.92197263,-121.7562154
"U202,EXT_CVPM05",39.127793,-121.410989,39.12430862,-121.4154806
"U202,INT_CVPM05",39.127793,-121.410989,39.12430862,-121.4064974
"HNP204,HXI204",38.61040484,-121.3449286,38.61566928,-121.3449286
"HP204,U204",38.61566928,-121.3359454,38.617424,-121.340437
"HXI204,EXT_SAC",38.61566928,-121.3449286,38.61391451,-121.3449286
"INT_SAC,WWP204",38.61391451,-121.3359454,38.61040484,-121.340437
"U204,HXI204",38.617424,-121.340437,38.61566928,-121.3449286
"U204,INT_SAC",38.617424,-121.340437,38.61391451,-121.3359454
"WTP204,U204",38.61917868,-121.3336996,38.617424,-121.340437
"WWP204,HNP204",38.61040484,-121.340437,38.61040484,-121.3449286
"WWP204,HP204",38.61040484,-121.340437,38.61566928,-121.3359454
"HNP201,HXI201",39.1373437,-121.6585616,39.14256924,-121.6585616
"HP201,U201",39.14256924,-121.6495784,39.144311,-121.65407
"HXI201,EXT_YUBA",39.14256924,-121.6585616,39.14082743,-121.6585616
"INT_YUBA,WWP201",39.14082743,-121.6495784,39.1373437,-121.65407
"U201,HXI201",39.144311,-121.65407,39.14256924,-121.6585616
"U201,INT_YUBA",39.144311,-121.65407,39.14082743,-121.6495784
"WTP201,U201",39.14605272,-121.6473326,39.144311,-121.65407
"WWP201,HNP201",39.1373437,-121.65407,39.1373437,-121.6585616
"WWP201,HP201",39.1373437,-121.65407,39.14256924,-121.6495784
"WWP201,D37",39.1373437,-121.65407,38.939279,-121.579071
"WWP204,HGR07",38.61040484,-121.340437,38.77407,-121.375662
"A103A,HU103A",39.494262,-122.086772,39.516851,-122.087687
"A103B,HU103B",39.020745,-121.989639,39.021258,-122.012843
"A203,HU203",38.58151425,-121.897355,38.578003,-121.897355
"CVPM06S,HSD203",38.57449158,-121.8928634,38.58151425,-121.8883718
"HSU203C16,A203",38.57273581,-121.8883718,38.58151425,-121.897355
"HSU203C21,A203",38.57273581,-121.8883718,38.58151425,-121.897355
"HSU203C314,A203",38.57273581,-121.8883718,38.58151425,-121.897355
"HU203,CVPM06G",38.578003,-121.897355,38.57449158,-121.9018466
"HU203,CVPM06S",38.578003,-121.897355,38.57449158,-121.8928634
"C150,C16",38.793098,-122.163556,38.714689,-122.085967
"C155,C19",38.509534,-122.045004,38.494738,-122.005748
"C16,HSU203C16",38.714689,-122.085967,38.57273581,-121.8883718
"C19,C21",38.494738,-122.005748,38.491399,-121.954832
"C21,HSU203C21",38.491399,-121.954832,38.57273581,-121.8883718
"C21,HSU_C21",38.491399,-121.954832,38.357279,-121.940776
"C305,C15",39.34735,-122.029836,39.211784,-122.012333
"C305,HSU103AC30",39.34735,-122.029836,39.435432,-122.064565
"C306,C18",38.72046,-121.6648,38.638574,-121.660726
"C313b,C306",38.79564,-121.729199,38.72046,-121.6648
"C313b,C314",38.79564,-121.729199,38.642568,-121.730597
"C314,HSU203C314",38.642568,-121.730597,38.57273581,-121.8883718
"CVPM03AG,HGR03",39.49079582,-122.0912636,39.326238,-122.169486
"CVPM03AS,HSD103A",39.49079582,-122.0822804,39.328506,-122.053115
"CVPM03BG,HGR03",39.01725533,-121.9941306,39.326238,-122.169486
"CVPM03BS,HSD103B",39.01725533,-121.9851474,39.013798,-121.967525
"CVPM06G,HGR06",38.57449158,-121.9018466,38.530925,-121.911272
"D66,HSU103AD66",39.493577,-122.003471,39.494015,-122.07042
"ERES_NAPA,HGR06",38.34322487,-121.9256102,38.530925,-121.911272
"EXT_CVPM03,HGR03",39.22518661,-122.2428956,39.326238,-122.169486
"EXT_CVPM06,HGR06",38.65789666,-121.8046226,38.530925,-121.911272
"GW_03,HGP03",39.326833,-122.193519,39.325948,-122.224441
"GW_06,HGP06",38.531793,-121.896548,38.532374,-121.882675
"HGP03,A103A",39.325948,-122.224441,39.494262,-122.086772
"HGP03,A103B",39.325948,-122.224441,39.020745,-121.989639
"HGP03,R101",39.325948,-122.224441,39.266085,-122.096861
"HGP03,U103",39.325948,-122.224441,39.228666,-122.238404
"HGP06,A203",38.532374,-121.882675,38.58151425,-121.897355
"HGP06,U203",38.532374,-121.882675,38.661404,-121.800131
"HGP06,U205",38.532374,-121.882675,38.339702,-121.916627
"HGR03,GW_03",39.326238,-122.169486,39.326833,-122.193519
"HGR06,GW_06",38.530925,-121.911272,38.531793,-121.896548
"HSD103A,C15",39.328506,-122.053115,39.211784,-122.012333
"HSD103A,R101",39.328506,-122.053115,39.266085,-122.096861
"HSD203,C18",38.58151425,-121.8883718,38.638574,-121.660726
"HSR101,R101",39.411211,-122.160485,39.266085,-122.096861
"HSU103AC13,A103A",39.528295,-122.130697,39.494262,-122.086772
"HSU103AC13,HSR101",39.528295,-122.130697,39.411211,-122.160485
"HSU103AC30,A103A",39.435432,-122.064565,39.494262,-122.086772
"HSU103AD66,A103A",39.494015,-122.07042,39.494262,-122.086772
"HSU103BC11,A103B",39.037713,-121.970816,39.020745,-121.989639
"HSU_C21,WTP205",38.357279,-121.940776,38.34146346,-121.9098896
"HSU_D55,WTP205",38.3023,-121.88658,38.34146346,-121.9098896
"HSUR101,R_SRW",39.216786,-122.08926,39.196569,-122.04468
"HU103A,CVPM03AG",39.516851,-122.087687,39.49079582,-122.0912636
"HU103A,CVPM03AS",39.516851,-122.087687,39.49079582,-122.0822804
"HU103B,CVPM03BG",39.021258,-122.012843,39.01725533,-121.9941306
"HU103B,CVPM03BS",39.021258,-122.012843,39.01725533,-121.9851474
"INT_CVPM03,HGR03",39.22518661,-122.2339124,39.326238,-122.169486
"R101,HSUR101",39.266085,-122.096861,39.216786,-122.08926
"R_SRW,C15",39.196569,-122.04468,39.211784,-122.012333
"SR_CLK_INV,C150",38.889899,-122.239086,38.793098,-122.163556
"U103,EXT_CVPM03",39.228666,-122.238404,39.22518661,-122.2428956
"U103,INT_CVPM03",39.228666,-122.238404,39.22518661,-122.2339124
"HNP203,HXI203",38.65438915,-121.8046226,38.65965035,-121.8046226
"HP203,U203",38.65965035,-121.7956394,38.661404,-121.800131
"HXI203,EXT_CVPM06",38.65965035,-121.8046226,38.65789666,-121.8046226
"INT_CVPM06,WWP203",38.65789666,-121.7956394,38.65438915,-121.800131
"U203,HXI203",38.661404,-121.800131,38.65965035,-121.8046226
"U203,INT_CVPM06",38.661404,-121.800131,38.65789666,-121.7956394
"WTP203,U203",38.66315761,-121.7933936,38.661404,-121.800131
"WWP203,HNP203",38.65438915,-121.800131,38.65438915,-121.8046226
"WWP203,HP203",38.65438915,-121.800131,38.65965035,-121.7956394
"HNP205,HXI205",38.33265575,-121.9211186,38.3379405,-121.9211186
"HP205,U205",38.3379405,-121.9121354,38.339702,-121.916627
"HXI205,ERES_NAPA",38.3379405,-121.9211186,38.34322487,-121.9256102
"HXI205,IND_NAPA",38.3379405,-121.9211186,38.33617896,-121.916627
"IND_NAPA,WWP205",38.33617896,-121.916627,38.33265575,-121.916627
"IRES_NAPA,WWP205",38.33617896,-121.9076438,38.33265575,-121.916627
"U205,HXI205",38.339702,-121.916627,38.3379405,-121.9211186
"U205,IRES_NAPA",38.339702,-121.916627,38.33617896,-121.9076438
"WTP205,U205",38.34146346,-121.9098896,38.339702,-121.916627
"WWP205,HNP205",38.33265575,-121.916627,38.33265575,-121.9211186
"WWP205,HP205",38.33265575,-121.916627,38.3379405,-121.9121354
"WWP203,HGR06",38.65438915,-121.800131,38.530925,-121.911272
"WWP205,HGR06",38.33265575,-121.916627,38.530925,-121.911272
"CVPM05G,HGR05",39.30642164,-121.4456006,39.159295,-121.399548
"D17,SR_FOL",38.871899,-121.056056,38.699903,-121.168058
"D17,WTP204",38.871899,-121.056056,38.61917868,-121.3336996
"D30,D31",39.193793,-121.937377,39.12216,-121.908184
"D30,HSU104D30",39.193793,-121.937377,39.06822433,-121.7919048
"D30,N203",39.193793,-121.937377,39.154077,-121.850531
"D31,D61",39.12216,-121.908184,39.026466,-121.822717
"D31,HSU202D31",39.12216,-121.908184,39.3046839,-121.4321258
"D43,C306",38.784589,-121.634426,38.72046,-121.6648
"D43a,HSU202D43A",39.191915,-121.720122,39.3046839,-121.4321258
"D55,HSU_D55",38.178119,-121.667253,38.3023,-121.88658
"D61,C301",39.026466,-121.822717,38.784515,-121.645792
"D61,D61B",39.026466,-121.822717,39.028456,-121.735589
"D66,N14",39.493577,-122.003471,39.314206,-122.014646
"D66A,D66",39.5057,-121.98676,39.493577,-122.003471
"D74,C5",40.342535,-122.204046,40.327188,-122.211276
"D75,C1",40.041139,-122.115609,39.929468,-122.095758
"D76b,N13",39.677017,-121.976155,39.590034,-121.996227
"D77,D75",40.152878,-122.203106,40.041139,-122.115609
"C104,D44",38.474423,-121.50858,38.436683,-121.516054
"C20,D55",38.515628,-121.58917,38.178119,-121.667253
"C38,D98",38.255915,-121.440063,38.255915,-121.440063
"D44,D503",38.436683,-121.516054,38.326443,-121.57255
"D503,D511",38.326443,-121.57255,38.24856,-121.511892
"D503,PMP_ISOL_F",38.326443,-121.57255,38.159435,-121.684559
"D511,D513",38.24856,-121.511892,38.242352,-121.496053
"D511,D55",38.24856,-121.511892,38.178119,-121.667253
"D55,D507",38.178119,-121.667253,38.110938,-121.706983
"D98,D517",38.255915,-121.440063,38.255915,-121.440063
"HGP05,A202",39.159424,-121.432084,39.31337218,-121.441109
"HSD101,C5",40.44409435,-122.3540918,40.327188,-122.211276
"HSD103B,C313",39.013798,-121.967525,38.802366,-121.721225
"HSD104,D61",39.0769419,-121.7919048,39.026466,-121.822717
"HSD202,C307",39.31337218,-121.4321258,39.30252,-121.630009
"HSD202,R201",39.31337218,-121.4321258,39.338508,-121.802422
"HSD202,R202",39.31337218,-121.4321258,39.082917,-121.739638
"HSU202C80,HSR201",39.3046839,-121.4321258,39.32736,-121.625814
"HSU202C80,HSR202",39.3046839,-121.4321258,39.127067,-121.712475
"N14,D30",39.314206,-122.014646,39.193793,-121.937377
"C5,C87",40.327188,-122.211276,40.259758,-122.187112
"C86,D75",40.051256,-122.077985,40.041139,-122.115609
"A101,HU101",40.44409435,-122.363075,40.440676,-122.363075
"CVPM01S,HSD101",40.43725747,-122.3585834,40.44409435,-122.3540918
"HSU101D5,A101",40.43554814,-122.3540918,40.44409435,-122.363075
"HSU101D74,A101",40.43554814,-122.3540918,40.44409435,-122.363075
"HSU101SR3,A101",40.43554814,-122.3540918,40.44409435,-122.363075
"HU101,CVPM01G",40.440676,-122.363075,40.43725747,-122.3675666
"HU101,CVPM01S",40.440676,-122.363075,40.43725747,-122.3585834
"A102,HU102",39.90858044,-122.138463,39.905135,-122.138463
"CVPM02S,HSD102",39.90168939,-122.1339714,39.90858044,-122.1294798
"HSU102C1,A102",39.89996652,-122.1294798,39.90858044,-122.138463
"HSU102C11,A102",39.89996652,-122.1294798,39.90858044,-122.138463
"HSU102C9,A102",39.89996652,-122.1294798,39.90858044,-122.138463
"HSU102D77,A102",39.89996652,-122.1294798,39.90858044,-122.138463
"HU102,CVPM02G",39.905135,-122.138463,39.90168939,-122.1429546
"HU102,CVPM02S",39.905135,-122.138463,39.90168939,-122.1339714
"C1,C4",39.929468,-122.095758,39.909094,-122.091928
"C1,HSU102C1",39.929468,-122.095758,39.89996652,-122.1294798
"C11,HSU102C11",39.92562,-122.13631,39.89996652,-122.1294798
"C12,C13",39.71085,-122.008773,39.790053,-122.049766
"C2,D74",40.379066,-122.200007,40.342535,-122.204046
"C4,C69",39.909094,-122.091928,39.802835,-122.052499
"C69,C13",39.802835,-122.052499,39.790053,-122.049766
"C9,C12",39.780793,-122.223768,39.71085,-122.008773
"C9,HSU102C9",39.780793,-122.223768,39.89996652,-122.1294798
"CVPM01G,HGR01",40.43725747,-122.3675666,40.44702,-122.465771
"CVPM02G,HGR02",39.90168939,-122.1429546,39.901923,-122.265189
"D5,D73",40.612004,-122.446023,40.505211,-122.368259
"D5,HSU101D5",40.612004,-122.446023,40.43554814,-122.3540918
"D5,WTP101",40.612004,-122.446023,40.5799717,-122.3745556
"D73,C2",40.505211,-122.368259,40.379066,-122.200007
"D74,HSU101D74",40.342535,-122.204046,40.43554814,-122.3540918
"D77,C11",40.152878,-122.203106,39.92562,-122.13631
"D77,HSU102D77",40.152878,-122.203106,39.89996652,-122.1294798
"EXT_CVPM02,HGR02",39.88243542,-122.2612636,39.901923,-122.265189
"EXT_Reddin,HGR01",40.57485448,-122.3857846,40.44702,-122.465771
"GW_01,HGP01",40.446179,-122.476173,40.445785,-122.488569
"GW_02,HGP02",39.902166,-122.255623,39.902158,-122.246722
"HGP01,A101",40.445785,-122.488569,40.44409435,-122.363075
"HGP01,U101",40.445785,-122.488569,40.578266,-122.381293
"HGP02,A102",39.902158,-122.246722,39.90858044,-122.138463
"HGP02,U102",39.902158,-122.246722,39.885882,-122.256772
"HGR01,GW_01",40.44702,-122.465771,40.446179,-122.476173
"HGR02,GW_02",39.901923,-122.265189,39.902166,-122.255623
"HSD102,C4",39.90858044,-122.1294798,39.909094,-122.091928
"INT_CVPM02,HGR02",39.88243542,-122.2522804,39.901923,-122.265189
"SR_BLB,C9",39.807879,-122.330102,39.780793,-122.223768
"SR_WHI,D5",40.59933,-122.539575,40.612004,-122.446023
"SR_WHI,D73",40.59933,-122.539575,40.505211,-122.368259
"SR_WHI,HSU101SR3",40.59933,-122.539575,40.43554814,-122.3540918
"U102,EXT_CVPM02",39.885882,-122.256772,39.88243542,-122.2612636
"U102,INT_CVPM02",39.885882,-122.256772,39.88243542,-122.2522804
"HNP101,HXI101",40.57144278,-122.3857846,40.57656026,-122.3857846
"HP101,U101",40.57656026,-122.3768014,40.578266,-122.381293
"HXI101,EXT_Reddin",40.57656026,-122.3857846,40.57485448,-122.3857846
"INT_Reddin,WWP101",40.57485448,-122.3768014,40.57144278,-122.381293
"U101,HXI101",40.578266,-122.381293,40.57656026,-122.3857846
"U101,INT_Reddin",40.578266,-122.381293,40.57485448,-122.3768014
"WTP101,U101",40.5799717,-122.3745556,40.578266,-122.381293
"WWP101,HNP101",40.57144278,-122.381293,40.57144278,-122.3857846
"WWP101,HP101",40.57144278,-122.381293,40.57656026,-122.3768014
"WWP101,C2",40.57144278,-122.381293,40.379066,-122.200007
"WWP101,HGR01",40.57144278,-122.381293,40.44702,-122.465771
"A202,HU202",39.31337218,-121.441109,39.309897,-121.441109
"CVPM05S,HSD202",39.30642164,-121.4366174,39.31337218,-121.4321258
"HSU202C35,A202",39.3046839,-121.4321258,39.31337218,-121.441109
"HSU202C77,A202",39.3046839,-121.4321258,39.31337218,-121.441109
"HSU202C80,A202",39.3046839,-121.4321258,39.31337218,-121.441109
"HSU202C83,A202",39.3046839,-121.4321258,39.31337218,-121.441109
"HSU202D31,A202",39.3046839,-121.4321258,39.31337218,-121.441109
"HSU202D43A,A202",39.3046839,-121.4321258,39.31337218,-121.441109
"HSU202SR_6,A202",39.3046839,-121.4321258,39.31337218,-121.441109
"HU202,CVPM05G",39.309897,-121.441109,39.30642164,-121.4456006
"HU202,CVPM05S",39.309897,-121.441109,39.30642164,-121.4366174
"C27,SR_ENG",39.295345,-121.210034,39.238893,-121.26807
"C28,C29",39.230338,-121.279389,39.220021,-121.40931
"C35,HSU202C35",39.132896,-120.954054,39.3046839,-121.4321258
"C35,SR_RLL_CMB",39.132896,-120.954054,39.011353,-121.060222
"C77,HSU202C77",39.638386,-121.282971,39.3046839,-121.4321258
"C77,SR_ORO",39.638386,-121.282971,39.532886,-121.51808
"CN2,N201",39.037451,-121.133403,39.059315,-121.089458
"N201,N202",39.059315,-121.089458,39.013313,-121.209636
"N202,SR_CFW",39.013313,-121.209636,39.049895,-121.318067
"SR_BUL,C27",39.392891,-121.141067,39.295345,-121.210034
"SR_ENG,C28",39.238893,-121.26807,39.230338,-121.279389
"SR_ORO,C23",39.532886,-121.51808,39.527825,-121.547803
"SR_ORO,HSU202SR_6",39.532886,-121.51808,39.3046839,-121.4321258
"SR_RLL_CMB,N201",39.011353,-121.060222,39.059315,-121.089458
"SR_BER,C155",38.515207,-122.081883,38.509534,-122.045004
"SR_CFW,C33",39.049895,-121.318067,39.009748,-121.377193
"SR_ORO,WTP201",39.532886,-121.51808,39.14605272,-121.6473326
"SR_SHA,D5",40.716872,-122.418122,40.612004,-122.446023
"WWP204,D44",38.61040484,-121.340437,38.436683,-121.516054
"D528,D509",38.040893,-121.910242,38.047594,-121.918557
"D541,Req_Delta",38.053739,-121.942086,38.050118,-121.974898
"D509,D541",38.047594,-121.918557,38.053739,-121.942086
"D541,Surp_Delta",38.053739,-121.942086,38.071403,-121.964398
"C201,C323",37.91867,-122.082908,37.905885,-122.095726
"C201,C71",37.91867,-122.082908,38.01895,-121.925952
"C315,HARSC",37.300984,-121.830016,37.680437,-122.000982
"C315,WTP304",37.300984,-121.830016,37.35753112,-121.8889336
"C323,SR_EBMUD",37.905885,-122.095726,37.729929,-122.123076
"C71,C201",38.01895,-121.925952,37.91867,-122.082908
"C71,WTP208",38.01895,-121.925952,37.98686604,-122.0835386
"C78,C79",37.75930409,-122.1737202,37.35217564,-121.9046542
"C79,SR_SFAGG",37.35217564,-121.9046542,37.491936,-121.819066
"C79,WTP301",37.35217564,-121.9046542,37.74807279,-122.4212146
"D528,PMP_Mallar",38.040893,-121.910242,38.037324,-121.929049
"D891,D892",37.636578,-121.771229,37.617958,-121.747596
"D891,PMP_DValle",37.636578,-121.771229,37.620002,-121.749538
"D892,D896",37.617958,-121.747596,37.664594,-121.839356
"D896,D897",37.664594,-121.839356,37.671138,-121.899938
"D896,HARSC",37.664594,-121.839356,37.680437,-122.000982
"D896,WTP304",37.664594,-121.839356,37.35753112,-121.8889336
"ERes_SCV,HGRSC",37.3593162,-121.9046542,37.404386,-121.790241
"PMP_DValle,SR_DLV",37.620002,-121.749538,37.613932,-121.746064
"PMP_Mallar,C71",38.037324,-121.929049,38.01895,-121.925952
"PMP_Walnut,C201",37.927401,-122.072919,37.91867,-122.082908
"SR_DLV,D892",37.613932,-121.746064,37.617958,-121.747596
"SR_EBMUD,WTP209",37.729929,-122.123076,37.76463039,-122.1579996
"SR_SCAGG,C315",37.121491,-121.546909,37.300984,-121.830016
"SR_SFAGG,WTP301",37.491936,-121.819066,37.74807279,-122.4212146
"SR_SFAGG,WTP304",37.491936,-121.819066,37.35753112,-121.8889336
"HNP208,HXI208",37.9780154,-122.0947676,37.98332591,-122.0947676
"HP208,U208",37.98332591,-122.0857844,37.985096,-122.090276
"HXI208,ERES_CC",37.98332591,-122.0947676,37.98863604,-122.0992592
"HXI208,IND_CCWD",37.98332591,-122.0947676,37.98155578,-122.090276
"IND_CCWD,WWP208",37.98155578,-122.090276,37.9780154,-122.090276
"IRES_CC,WWP208",37.98155578,-122.0812928,37.9780154,-122.090276
"U208,HXI208",37.985096,-122.090276,37.98332591,-122.0947676
"U208,IRES_CC",37.985096,-122.090276,37.98155578,-122.0812928
"WTP208,U208",37.98686604,-122.0835386,37.985096,-122.090276
"WWP208,HNP208",37.9780154,-122.090276,37.9780154,-122.0947676
"WWP208,HP208",37.9780154,-122.090276,37.98332591,-122.0857844
"C78,WTP209",37.75930409,-122.1737202,37.76463039,-122.1579996
"HNP209,HXI209",37.75575301,-122.1692286,37.76107957,-122.1692286
"HP209,U209",37.76107957,-122.1602454,37.762855,-122.164737
"HXI209,ERES_EBMUD",37.76107957,-122.1692286,37.76640574,-122.1737202
"HXI209,IND_EBMUD",37.76107957,-122.1692286,37.75930409,-122.164737
"IND_EBMUD,WWP209",37.75930409,-122.164737,37.75575301,-122.164737
"IRES_EBMUD,WWP209",37.75930409,-122.1557538,37.75575301,-122.164737
"U209,C78",37.762855,-122.164737,37.75930409,-122.1737202
"U209,HXI209",37.762855,-122.164737,37.76107957,-122.1692286
"U209,IRES_EBMUD",37.762855,-122.164737,37.75930409,-122.1557538
"WTP209,U209",37.76463039,-122.1579996,37.762855,-122.164737
"WWP209,HNP209",37.75575301,-122.164737,37.75575301,-122.1692286
"WWP209,HP209",37.75575301,-122.164737,37.76107957,-122.1602454
"HNP304,HXI304",37.3486051,-121.9001626,37.35396084,-121.9001626
"HP304,U304",37.35396084,-121.8911794,37.355746,-121.895671
"HXI304,ERes_SCV",37.35396084,-121.9001626,37.3593162,-121.9046542
"HXI304,Ind_SCV",37.35396084,-121.9001626,37.35217564,-121.895671
"Ind_SCV,WWP304",37.35217564,-121.895671,37.3486051,-121.895671
"IRES_SCV,WWP304",37.35217564,-121.8866878,37.3486051,-121.895671
"U304,C79",37.355746,-121.895671,37.35217564,-121.9046542
"U304,HXI304",37.355746,-121.895671,37.35396084,-121.9001626
"U304,IRES_SCV",37.355746,-121.895671,37.35217564,-121.8866878
"WTP304,U304",37.35753112,-121.8889336,37.355746,-121.895671
"WWP304,HNP304",37.3486051,-121.895671,37.3486051,-121.9001626
"WWP304,HP304",37.3486051,-121.895671,37.35396084,-121.8911794
"HNP301,HXI301",37.73919342,-122.4324436,37.74452117,-122.4324436
"HP301,U301",37.74452117,-122.4234604,37.746297,-122.427952
"HXI301,ERES_SF",37.74452117,-122.4324436,37.74984854,-122.4369352
"HXI301,IND_SFPUC",37.74452117,-122.4324436,37.74274529,-122.427952
"IND_SFPUC,WWP301",37.74274529,-122.427952,37.73919342,-122.427952
"IRES_SF,WWP301",37.74274529,-122.4189688,37.73919342,-122.427952
"U301,HXI301",37.746297,-122.427952,37.74452117,-122.4324436
"U301,IRES_SF",37.746297,-122.427952,37.74274529,-122.4189688
"WTP301,U301",37.74807279,-122.4212146,37.746297,-122.427952
"WWP301,HNP301",37.73919342,-122.427952,37.73919342,-122.4324436
"WWP301,HP301",37.73919342,-122.427952,37.74452117,-122.4234604
"WWP304,HARSC",37.3486051,-121.895671,37.680437,-122.000982
"WWP304,HGRSC",37.3486051,-121.895671,37.404386,-121.790241
"C310,C70",37.883943,-121.632889,37.982252,-121.804568
"C310,PMP_LosVaq",37.883943,-121.632889,37.841997,-121.726619
"C41,C42",37.994471,-121.279255,37.967986,-121.369203
"C43,HSU207C43",37.927846,-120.610275,38.19387614,-121.1702198
"C43,WTP210",37.927846,-120.610275,37.96606755,-121.2841716
"C72,HSU306C72",37.004191,-119.708139,37.27693215,-120.3424758
"D609,D608",36.773949,-120.285999,36.783784,-120.371568
"D612,D676",37.627584,-121.211176,37.665165,-121.240619
"D616,C42",37.67549,-121.264618,37.967986,-121.369203
"D624,C48",37.097447,-119.88959,36.976278,-120.364862
"D624,HAR13",37.097447,-119.88959,37.140577,-120.098262
"D624,HSU306D624",37.097447,-119.88959,37.27693215,-120.3424758
"D634,C47",37.199945,-120.007299,37.095449,-120.471315
"D634,HAR13",37.199945,-120.007299,37.140577,-120.098262
"D634,HSU306D634",37.199945,-120.007299,37.27693215,-120.3424758
"D642,D643",37.544102,-120.279256,37.522162,-120.329043
"D662,D663",37.672074,-120.44438,37.643556,-120.682069
"D662,HSU302D662",37.672074,-120.44438,37.73084765,-120.9767308
"D662,HSU305D662",37.672074,-120.44438,37.45728702,-120.8189258
"D662,WTP302",37.672074,-120.44438,37.67227561,-121.0073416
"D662,WTP305",37.672074,-120.44438,37.53095999,-120.8683416
"D664,D683",37.606578,-121.021787,37.607838,-121.174881
"D675,D676",37.739915,-121.108702,37.665165,-121.240619
"D689,D612",37.63739,-121.194631,37.627584,-121.211176
"D689,HSU302D689",37.63739,-121.194631,37.73084765,-120.9767308
"D691,D694",37.29746,-120.883513,37.309544,-120.930378
"D694,D695",37.309544,-120.930378,37.349285,-120.97469
"D694,HSU306D694",37.309544,-120.930378,37.27693215,-120.3424758
"D699,C10",37.451823,-121.027137,37.24217,-120.93631
"D699,D683",37.451823,-121.027137,37.607838,-121.174881
"D701,D800",37.610971,-121.326192,37.729529,-121.523787
"D731,D732",36.781815,-120.421569,36.788238,-120.36116
"D731,HSU306D731",36.781815,-120.421569,37.27693215,-120.3424758
"D801,D803",37.779444,-121.621575,37.516936,-121.229926
"D814,PMP_Gianel",37.111696,-121.06305,37.061944,-121.181037
"A206,HU206",38.03957159,-121.574088,38.036034,-121.574088
"CVPM09S,HSD206",38.03249624,-121.5695964,38.03957159,-121.5651048
"HSU206D507,A206",38.0307273,-121.5651048,38.03957159,-121.574088
"HSU206D515,A206",38.0307273,-121.5651048,38.03957159,-121.574088
"HSU206D521,A206",38.0307273,-121.5651048,38.03957159,-121.574088
"HSU206D523,A206",38.0307273,-121.5651048,38.03957159,-121.574088
"HU206,CVPM09G",38.036034,-121.574088,38.03249624,-121.5785796
"HU206,CVPM09S",38.036034,-121.574088,38.03249624,-121.5695964
"C309,D550",37.876628,-121.579144,37.977144,-121.580518
"C309,D59",37.876628,-121.579144,37.8315,-121.552948
"C309,PMP_Old_R",37.876628,-121.579144,37.887056,-121.57785
"C42,D521",37.967986,-121.369203,38.029041,-121.472711
"CVPM09G,HGR09",38.03249624,-121.5785796,37.966938,-121.492639
"D515,D522",38.118053,-121.500658,38.049293,-121.504867
"D515,HSU206D515",38.118053,-121.500658,38.0307273,-121.5651048
"D521,D522",38.029041,-121.472711,38.049293,-121.504867
"D521,HSU206D521",38.029041,-121.472711,38.0307273,-121.5651048
"D522,D523",38.049293,-121.504867,38.077248,-121.569093
"D523,D525",38.077248,-121.569093,38.062589,-121.583128
"D523,HSU206D523",38.077248,-121.569093,38.0307273,-121.5651048
"D525,D550",38.062589,-121.583128,37.977144,-121.580518
"D550,C309",37.977144,-121.580518,37.876628,-121.579144
"D550,PMP_CC1",37.977144,-121.580518,37.97631,-121.64041
"D59,C309",37.8315,-121.552948,37.876628,-121.579144
"D59,PMP_Banks",37.8315,-121.552948,37.797927,-121.624061
"D59,PMP_Tracy",37.8315,-121.552948,37.796828,-121.585261
"EXT_CVPM09,HGR09",37.93742366,-121.5099396,37.966938,-121.492639
"GW_09,HGP09",37.967818,-121.508677,37.96658,-121.521101
"HGP09,A206",37.96658,-121.521101,38.03957159,-121.574088
"HGP09,U206",37.96658,-121.521101,37.940966,-121.505448
"HGR09,GW_09",37.966938,-121.492639,37.967818,-121.508677
"INT_CVPM09,HGR09",37.93742366,-121.5009564,37.966938,-121.492639
"PMP_Old_R,C310",37.887056,-121.57785,37.883943,-121.632889
"U206,EXT_CVPM09",37.940966,-121.505448,37.93742366,-121.5099396
"U206,INT_CVPM09",37.940966,-121.505448,37.93742366,-121.5009564
"C72,D622",37.004191,-119.708139,37.097447,-119.88959
"C72,D632",37.004191,-119.708139,37.199945,-120.007299
"D622,D624",37.097447,-119.88959,37.097447,-119.88959
"D632,D634",37.199945,-120.007299,37.199945,-120.007299
"SR_BUC,D632",37.215545,-119.991298,37.199945,-120.007299
"SR_HID,D622",37.199946,-119.917994,37.097447,-119.88959
"SR_MCR,D642",37.583935,-120.268021,37.544102,-120.279256
"SR_MIL,C72",37.00095,-119.705978,37.004191,-119.708139
"A207,HU207",38.20270069,-121.179203,38.199171,-121.179203
"CVPM08S,HSD207",38.19564114,-121.1747114,38.20270069,-121.1702198
"HSU207C173,A207",38.19387614,-121.1702198,38.20270069,-121.179203
"HSU207C37,A207",38.19387614,-121.1702198,38.20270069,-121.179203
"HSU207C43,A207",38.19387614,-121.1702198,38.20270069,-121.179203
"HSU207D98,A207",38.19387614,-121.1702198,38.20270069,-121.179203
"HU207,CVPM08G",38.199171,-121.179203,38.19564114,-121.1836946
"HU207,CVPM08S",38.199171,-121.179203,38.19564114,-121.1747114
"C37,HSU207C37",38.315892,-121.371882,38.19387614,-121.1702198
"C40,C41",37.99247,-121.083945,37.994471,-121.279255
"C41,WTP210",37.994471,-121.279255,37.96606755,-121.2841716
"CVPM08G,HGR08",38.19564114,-121.1836946,38.33679,-121.007159
"EXT_CVPM08,HGR08",38.41856597,-121.0749386,38.33679,-121.007159
"GW_08,HGP08",38.338803,-121.034504,38.338931,-121.049501
"HGP08,A207",38.338931,-121.049501,38.20270069,-121.179203
"HGP08,U207",38.338931,-121.049501,38.422085,-121.070447
"HGP08,U210",38.338931,-121.049501,37.964297,-121.290909
"HGR08,GW_08",38.33679,-121.007159,38.338803,-121.034504
"HNP207,HXI207",38.41504677,-121.0749386,38.42032551,-121.0749386
"HP207,U207",38.42032551,-121.0659554,38.422085,-121.070447
"HXI207,EXT_CVPM08",38.42032551,-121.0749386,38.41856597,-121.0749386
"INT_CVPM08,WWP207",38.41856597,-121.0659554,38.41504677,-121.070447
"U207,HXI207",38.422085,-121.070447,38.42032551,-121.0749386
"U207,INT_CVPM08",38.422085,-121.070447,38.41856597,-121.0659554
"WTP207,U207",38.42384445,-121.0637096,38.422085,-121.070447
"WWP207,HNP207",38.41504677,-121.070447,38.41504677,-121.0749386
"WWP207,HP207",38.41504677,-121.070447,38.42032551,-121.0659554
"HNP210,HXI210",37.95721439,-121.2954006,37.96252641,-121.2954006
"HP210,U210",37.96252641,-121.2864174,37.964297,-121.290909
"HXI210,EXT_STOCK",37.96252641,-121.2954006,37.96075578,-121.2954006
"INT_STOCK,WWP210",37.96075578,-121.2864174,37.95721439,-121.290909
"U210,HXI210",37.964297,-121.290909,37.96252641,-121.2954006
"U210,INT_STOCK",37.964297,-121.290909,37.96075578,-121.2864174
"WTP210,U210",37.96606755,-121.2841716,37.964297,-121.290909
"WWP210,HNP210",37.95721439,-121.290909,37.95721439,-121.2954006
"WWP210,HP210",37.95721439,-121.290909,37.96252641,-121.2864174
"WWP207,HGR08",38.41504677,-121.070447,38.33679,-121.007159
"WWP210,HGR08",37.95721439,-121.290909,38.33679,-121.007159
"HSD303,D612",37.13239796,-120.9152048,37.627584,-121.211176
"HSD306,R302",37.28586669,-120.3424758,37.219591,-120.81432
"HSUR302,R_SJW",37.3023,-120.89408,37.613932,-121.189264
"PMP_Banks,D800",37.797927,-121.624061,37.729529,-121.523787
"PMP_CC1,C70",37.97631,-121.64041,37.982252,-121.804568
"PMP_Tracy,D701",37.796828,-121.585261,37.610971,-121.326192
"PWP_Gianel,D816",37.068375,-121.07597,37.074189,-121.014887
"R302,HSUR302",37.219591,-120.81432,37.3023,-120.89408
"R_SJW,D612",37.613932,-121.189264,37.627584,-121.211176
"C44,C88",37.888852,-119.971626,37.811639,-120.304215
"D670,C43",37.945338,-120.530767,37.927846,-120.610275
"D670,SR_TUL",37.945338,-120.530767,37.878029,-120.605829
"SR_DNP,C88",37.701631,-120.422128,37.811639,-120.304215
"SR_DNP,D662",37.701631,-120.422128,37.672074,-120.44438
"SR_HTH,C44",37.947921,-119.78801,37.888852,-119.971626
"SR_HTH,SR_DNP",37.947921,-119.78801,37.701631,-120.422128
"SR_LL_ENR,C44",37.893924,-119.963015,37.888852,-119.971626
"SR_LL_ENR,SR_DNP",37.893924,-119.963015,37.701631,-120.422128
"SR_NML,D670",37.949563,-120.521749,37.945338,-120.530767
"SR_LVQ,C310",37.837926,-121.727064,37.883943,-121.632889
"SR_NHG,C40",38.15492,-120.815047,37.99247,-121.083945
"SR_PAR,C39",38.249917,-120.851049,38.168485,-121.010271
"SR_PAR,SR_CMN",38.249917,-120.851049,38.224918,-121.022053
"SR_TUL,D16",37.878029,-120.605829,37.808772,-120.717847
"A302,HU302",37.73972802,-120.985714,37.736176,-120.985714
"CVPM11S,HSD302",37.73262381,-120.9812224,37.73972802,-120.9767308
"HSU302D16,A302",37.73084765,-120.9767308,37.73972802,-120.985714
"HSU302D662,A302",37.73084765,-120.9767308,37.73972802,-120.985714
"HSU302D664,A302",37.73084765,-120.9767308,37.73972802,-120.985714
"HSU302D672,A302",37.73084765,-120.9767308,37.73972802,-120.985714
"HSU302D689,A302",37.73084765,-120.9767308,37.73972802,-120.985714
"HU302,CVPM11G",37.736176,-120.985714,37.73262381,-120.9902056
"HU302,CVPM11S",37.736176,-120.985714,37.73262381,-120.9812224
"A305,HU305",37.4662001,-120.827909,37.462635,-120.827909
"CVPM12S,HSD305",37.45906973,-120.8234174,37.4662001,-120.8189258
"HSU305D645,A305",37.45728702,-120.8189258,37.4662001,-120.827909
"HSU305D649,A305",37.45728702,-120.8189258,37.4662001,-120.827909
"HSU305D662,A305",37.45728702,-120.8189258,37.4662001,-120.827909
"HSU305D664,A305",37.45728702,-120.8189258,37.4662001,-120.827909
"HSU305D699,A305",37.45728702,-120.8189258,37.4662001,-120.827909
"HU305,CVPM12G",37.462635,-120.827909,37.45906973,-120.8324006
"HU305,CVPM12S",37.462635,-120.827909,37.45906973,-120.8234174
"A306,HU306",37.28586669,-120.351459,37.282293,-120.351459
"CVPM13S,HSD306",37.27871914,-120.3469674,37.28586669,-120.3424758
"HSU306C72,A306",37.27693215,-120.3424758,37.28586669,-120.351459
"HSU306D606,A306",37.27693215,-120.3424758,37.28586669,-120.351459
"HSU306D624,A306",37.27693215,-120.3424758,37.28586669,-120.351459
"HSU306D634,A306",37.27693215,-120.3424758,37.28586669,-120.351459
"HSU306D645,A306",37.27693215,-120.3424758,37.28586669,-120.351459
"HSU306D649,A306",37.27693215,-120.3424758,37.28586669,-120.351459
"HSU306D694,A306",37.27693215,-120.3424758,37.28586669,-120.351459
"HSU306D731,A306",37.27693215,-120.3424758,37.28586669,-120.351459
"HU306,CVPM13G",37.282293,-120.351459,37.27871914,-120.3559506
"HU306,CVPM13S",37.282293,-120.351459,37.27871914,-120.3469674
"C47,D692",37.095449,-120.471315,37.116317,-120.511804
"C48,C47",36.976278,-120.364862,37.095449,-120.471315
"CVPM11G,HGR11",37.73262381,-120.9902056,37.724686,-120.972925
"CVPM12G,HGR12",37.45906973,-120.8324006,37.517244,-120.816035
"CVPM13G,HGR13",37.27871914,-120.3559506,37.21848,-120.373995
"D16,D653a",37.808772,-120.717847,37.77164,-120.864554
"D16,HSU302D16",37.808772,-120.717847,37.73084765,-120.9767308
"D16,WTP302",37.808772,-120.717847,37.67227561,-121.0073416
"D609,C48",36.773949,-120.285999,36.976278,-120.364862
"D619,D691",37.153936,-120.680002,37.29746,-120.883513
"D643,D645",37.522162,-120.329043,37.512429,-120.369506
"D645,D646",37.512429,-120.369506,37.501936,-120.452027
"D645,HSU305D645",37.512429,-120.369506,37.45728702,-120.8189258
"D645,HSU306D645",37.512429,-120.369506,37.27693215,-120.3424758
"D645,WTP305",37.512429,-120.369506,37.53095999,-120.8683416
"D646,D647",37.501936,-120.452027,37.466928,-120.524468
"D647,D649",37.466928,-120.524468,37.444037,-120.634117
"D649,D695",37.444037,-120.634117,37.349285,-120.97469
"D649,HSU305D649",37.444037,-120.634117,37.45728702,-120.8189258
"D649,HSU306D649",37.444037,-120.634117,37.27693215,-120.3424758
"D653a,D653b",37.77164,-120.864554,37.738836,-120.920994
"D653b,D672",37.738836,-120.920994,37.760629,-120.992495
"D663,D664",37.643556,-120.682069,37.606578,-121.021787
"D664,HSU302D664",37.606578,-121.021787,37.73084765,-120.9767308
"D664,HSU305D664",37.606578,-121.021787,37.45728702,-120.8189258
"D672,D675",37.760629,-120.992495,37.739915,-121.108702
"D672,HSU302D672",37.760629,-120.992495,37.73084765,-120.9767308
"D692,D619",37.116317,-120.511804,37.153936,-120.680002
"D695,D697",37.349285,-120.97469,37.439284,-121.015112
"D697,D699",37.439284,-121.015112,37.451823,-121.027137
"D699,HSU305D699",37.451823,-121.027137,37.45728702,-120.8189258
"D732,D619",36.788238,-120.36116,37.153936,-120.680002
"EXT_CVPM11,HGR11",37.66694266,-121.0185706,37.724686,-120.972925
"EXT_CVPM12,HGR12",37.5256169,-120.8795706,37.517244,-120.816035
"EXT_CVPM13,HGR13",37.1871948,-120.3523956,37.21848,-120.373995
"GW_11,HGP11",37.714676,-121.005194,37.709982,-121.024729
"GW_12,HGP12",37.506653,-120.885729,37.513125,-120.912482
"GW_13,HGP13",37.218381,-120.348257,37.217559,-120.320623
"HAR13,GW_13",37.140577,-120.098262,37.218381,-120.348257
"HGP11,A302",37.709982,-121.024729,37.73972802,-120.985714
"HGP11,U302",37.709982,-121.024729,37.670498,-121.014079
"HGP12,A305",37.513125,-120.912482,37.4662001,-120.827909
"HGP12,U305",37.513125,-120.912482,37.529179,-120.875079
"HGP13,A306",37.217559,-120.320623,37.28586669,-120.351459
"HGP13,R301",37.217559,-120.320623,37.244909,-120.75934
"HGP13,U306",37.217559,-120.320623,37.190773,-120.347904
"HGR11,GW_11",37.724686,-120.972925,37.714676,-121.005194
"HGR12,GW_12",37.517244,-120.816035,37.506653,-120.885729
"HGR13,GW_13",37.21848,-120.373995,37.218381,-120.348257
"HSD302,D675",37.73972802,-120.9767308,37.739915,-121.108702
"HSD305,D697",37.4662001,-120.8189258,37.439284,-121.015112
"HSD306,D695",37.28586669,-120.3424758,37.349285,-120.97469
"HSD306,R301",37.28586669,-120.3424758,37.244909,-120.75934
"HSR301,R301",37.233842,-120.504798,37.244909,-120.75934
"HSU306D645,HSR301",37.27693215,-120.3424758,37.233842,-120.504798
"HSU306D649,HSR301",37.27693215,-120.3424758,37.233842,-120.504798
"HSUR301,R_SJE",37.25348,-120.777294,37.259667,-120.80099
"R301,HSUR301",37.244909,-120.75934,37.25348,-120.777294
"R_SJE,D695",37.259667,-120.80099,37.349285,-120.97469
"HNP302,HXI302",37.66338715,-121.0185706,37.66872035,-121.0185706
"HP302,U302",37.66872035,-121.0095874,37.670498,-121.014079
"HXI302,EXT_CVPM11",37.66872035,-121.0185706,37.66694266,-121.0185706
"INT_CVPM11,WWP302",37.66694266,-121.0095874,37.66338715,-121.014079
"U302,HXI302",37.670498,-121.014079,37.66872035,-121.0185706
"U302,INT_CVPM11",37.670498,-121.014079,37.66694266,-121.0095874
"WTP302,U302",37.67227561,-121.0073416,37.670498,-121.014079
"WWP302,HNP302",37.66338715,-121.014079,37.66338715,-121.0185706
"WWP302,HP302",37.66338715,-121.014079,37.66872035,-121.0095874
"HNP305,HXI305",37.52205463,-120.8795706,37.52739797,-120.8795706
"HP305,U305",37.52739797,-120.8705874,37.529179,-120.875079
"HXI305,EXT_CVPM12",37.52739797,-120.8795706,37.5256169,-120.8795706
"INT_CVPM12,WWP305",37.5256169,-120.8705874,37.52205463,-120.875079
"U305,HXI305",37.529179,-120.875079,37.52739797,-120.8795706
"U305,INT_CVPM12",37.529179,-120.875079,37.5256169,-120.8705874
"WTP305,U305",37.53095999,-120.8683416,37.529179,-120.875079
"WWP305,HNP305",37.52205463,-120.875079,37.52205463,-120.8795706
"WWP305,HP305",37.52205463,-120.875079,37.52739797,-120.8705874
"HNP306,HXI306",37.18361644,-120.3523956,37.18898392,-120.3523956
"HP306,U306",37.18898392,-120.3434124,37.190773,-120.347904
"HXI306,EXT_CVPM13",37.18898392,-120.3523956,37.1871948,-120.3523956
"INT_CVPM13,WWP306",37.1871948,-120.3434124,37.18361644,-120.347904
"U306,HXI306",37.190773,-120.347904,37.18898392,-120.3523956
"U306,INT_CVPM13",37.190773,-120.347904,37.1871948,-120.3434124
"WWP306,HNP306",37.18361644,-120.347904,37.18361644,-120.3523956
"WWP306,HP306",37.18361644,-120.347904,37.18898392,-120.3434124
"WWP302,HGR11",37.66338715,-121.014079,37.724686,-120.972925
"WWP305,HGR12",37.52205463,-120.875079,37.517244,-120.816035
"WWP306,HGR13",37.18361644,-120.347904,37.21848,-120.373995
"A303,HU303",37.13239796,-120.924188,37.128817,-120.924188
"CVPM10S,HSD303",37.12523587,-120.9196964,37.13239796,-120.9152048
"HSU303C10,A303",37.12344524,-120.9152048,37.13239796,-120.924188
"HSU303C30,A303",37.12344524,-120.9152048,37.13239796,-120.924188
"HSU303C85,A303",37.12344524,-120.9152048,37.13239796,-120.924188
"HSU303D731,A303",37.12344524,-120.9152048,37.13239796,-120.924188
"HSU303D803,A303",37.12344524,-120.9152048,37.13239796,-120.924188
"HU303,CVPM10G",37.128817,-120.924188,37.12523587,-120.9286796
"HU303,CVPM10S",37.128817,-120.924188,37.12523587,-120.9196964
"C10,HSU303C10",37.24217,-120.93631,37.12344524,-120.9152048
"C30,HSU303C30",37.599593,-121.235359,37.12344524,-120.9152048
"C85,HSU303C85",36.968684,-120.716937,37.12344524,-120.9152048
"C92,D745",36.852112,-120.757574,36.803567,-120.707933
"CVPM10G,HGU10",37.12523587,-120.9286796,37.118501,-120.882194
"D608,D731",36.783784,-120.371568,36.781815,-120.421569
"D616,C10",37.67549,-121.264618,37.24217,-120.93631
"D676,D616",37.665165,-121.240619,37.67549,-121.264618
"D683,D689",37.607838,-121.174881,37.63739,-121.194631
"D689,C10",37.63739,-121.194631,37.24217,-120.93631
"D700,C30",37.59869,-121.287524,37.599593,-121.235359
"D700,D703",37.59869,-121.287524,37.318377,-121.125907
"D701,D700",37.610971,-121.326192,37.59869,-121.287524
"D703,D710",37.318377,-121.125907,37.09899,-121.040227
"D710,D712",37.09899,-121.040227,37.098682,-121.040248
"D710,PMP_ONeill",37.09899,-121.040227,37.098885,-121.047856
"D712,D722",37.098682,-121.040248,37.082684,-120.997055
"D722,C30",37.082684,-120.997055,37.599593,-121.235359
"D722,D723",37.082684,-120.997055,37.059764,-120.949967
"D723,D608",37.059764,-120.949967,36.783784,-120.371568
"D731,HSU303D731",36.781815,-120.421569,37.12344524,-120.9152048
"D742,C85",36.972354,-120.877005,36.968684,-120.716937
"D742,D743",36.972354,-120.877005,36.948218,-120.840908
"D743,D743a",36.948218,-120.840908,36.940008,-120.833502
"D743a,C85",36.940008,-120.833502,36.968684,-120.716937
"D743a,PMP_DAmigo",36.940008,-120.833502,36.92572,-120.829335
"D744,C85",36.897678,-120.796049,36.968684,-120.716937
"D744,C92",36.897678,-120.796049,36.852112,-120.757574
"D744a,D744",36.918288,-120.82522,36.897678,-120.796049
"D803,D804",37.516936,-121.229926,37.362397,-121.118404
"D803,HSU303D803",37.516936,-121.229926,37.12344524,-120.9152048
"D804,D814",37.362397,-121.118404,37.111696,-121.06305
"D814,D816",37.111696,-121.06305,37.074189,-121.014887
"D816,D742",37.074189,-121.014887,36.972354,-120.877005
"D816,PWP_ONeill",37.074189,-121.014887,37.098291,-121.047361
"EXT_CVPM10,HGU10",37.07005726,-120.8492756,37.118501,-120.882194
"GW_10,HGP10",37.117615,-120.864197,37.123698,-120.838094
"HGP10,A303",37.123698,-120.838094,37.13239796,-120.924188
"HGP10,R302",37.123698,-120.838094,37.219591,-120.81432
"HGP10,U303",37.123698,-120.838094,37.073641,-120.844784
"HGU10,GW_10",37.118501,-120.882194,37.117615,-120.864197
"HSR302,R302",37.175831,-120.888125,37.219591,-120.81432
"HSR303,R303",36.96846,-120.615057,36.872499,-120.49862
"HSU303C30,HSR302",37.12344524,-120.9152048,37.175831,-120.888125
"HSU303D731,HSR302",37.12344524,-120.9152048,37.175831,-120.888125
"HSU303D731,HSR303",37.12344524,-120.9152048,36.96846,-120.615057
"INT_CVPM10,HGU10",37.07005726,-120.8402924,37.118501,-120.882194
"PMP_DAmigo,D744a",36.92572,-120.829335,36.918288,-120.82522
"PMP_ONeill,D814",37.098885,-121.047856,37.111696,-121.06305
"PWP_ONeill,D712",37.098291,-121.047361,37.098682,-121.040248
"U303,EXT_CVPM10",37.073641,-120.844784,37.07005726,-120.8492756
"U303,INT_CVPM10",37.073641,-120.844784,37.07005726,-120.8402924
"PMP_Gianel,SR_SNL",37.061944,-121.181037,37.032945,-121.134034
"SR_SNL,PWP_Gianel",37.032945,-121.134034,37.068375,-121.07597
"D800,D801",37.729529,-121.523787,37.779444,-121.621575
"D801,PMP_SoBay",37.779444,-121.621575,37.779219,-121.626072
"PMP_LosVaq,SR_LVQ",37.841997,-121.726619,37.837926,-121.727064
"SR_LVQ,D801",37.837926,-121.727064,37.779444,-121.621575
"WWP210,C42",37.95721439,-121.290909,37.967986,-121.369203
"C138,N6",33.71505,-117.046669,33.684288,-117.070979
"C138,PMP_Wads",33.71505,-117.046669,33.682148,-117.070134
"C154,HSU509C154",33.582058,-117.080484,33.7029722,-117.2014168
"D881,C154",33.844212,-117.280958,33.582058,-117.080484
"HGPEW,A509",33.604571,-117.617697,33.71231333,-117.2104
"HGREW,GW_EW",33.704165,-117.712708,33.651403,-117.667286
"HXEWMWD,ERES_EWMWD",33.5282709,-117.7015176,33.704972,-117.825602
"ERes_CMWD,HGRMWD",33.943861,-118.164167,33.993281,-118.088307
"GW_MWD,HGPMWD",33.981906,-117.935524,33.906477,-118.044482
"HARMWD,GW_MWD",34.148633,-118.005872,33.981906,-117.935524
"HGPMWD,U504",33.906477,-118.044482,33.91987,-118.266605
"HGRMWD,GW_MWD",33.993281,-118.088307,33.981906,-117.935524
"HXCMWD,ERes_CMWD",33.91800638,-118.2710966,33.943861,-118.164167
"HNP504,HXI504",33.91241528,-118.2710966,33.91800638,-118.2710966
"HP504,U504",33.91800638,-118.2621134,33.91987,-118.266605
"HXI504,HXCMWD",33.91800638,-118.2710966,33.91800638,-118.2710966
"HXI504,Ind_CMWD",33.91800638,-118.2710966,33.91614272,-118.266605
"Ind_CMWD,WWP504",33.91614272,-118.266605,33.91241528,-118.266605
"IRes_CMWD,WWP504",33.91614272,-118.2576218,33.91241528,-118.266605
"U504,HXI504",33.91987,-118.266605,33.91800638,-118.2710966
"U504,IRes_CMWD",33.91987,-118.266605,33.91614272,-118.2576218
"WTP504,U504",33.92173358,-118.2598676,33.91987,-118.266605
"WWP504,HNP504",33.91241528,-118.266605,33.91241528,-118.2710966
"WWP504,HP504",33.91241528,-118.266605,33.91800638,-118.2621134
"N4,N5",33.771835,-116.964058,33.683559,-117.074249
"PMP_Wads,C138",33.682148,-117.070134,33.71505,-117.046669
"A511,HU511",32.88748883,-116.862086,32.883717,-116.862086
"HSU511N8,A511",32.87805895,-116.8531028,32.88748883,-116.862086
"HU511,AGG_SD",32.883717,-116.862086,32.87994501,-116.8665776
"HU511,AGS_SD",32.883717,-116.862086,32.87994501,-116.8575944
"AGG_SD,HGRSD",32.87994501,-116.8665776,32.81858,-117.02593
"C153,C154",33.58196,-117.080452,33.582058,-117.080484
"C153,C156",33.58196,-117.080452,33.465816,-117.125257
"C154,WTP509",33.582058,-117.080484,33.53201506,-117.6902886
"C156,WTP511",33.465816,-117.125257,32.88193901,-117.1638826
"ERes_SDWD,HGRSD",32.871316,-117.002086,32.81858,-117.02593
"GW_EW,HGPEW",33.651403,-117.667286,33.604571,-117.617697
"GW_SD,HGPSD",32.791114,-117.034194,32.75677,-117.045917
"HGPEW,U509",33.604571,-117.617697,33.530143,-117.697026
"HGPSD,A511",32.75677,-117.045917,32.88748883,-116.862086
"HGPSD,U511",32.75677,-117.045917,32.880053,-117.17062
"HGRSD,GW_SD",32.81858,-117.02593,32.791114,-117.034194
"HXSD,ERes_SDWD",32.87816695,-117.1751116,32.871316,-117.002086
"N5,SR_DMV",33.683559,-117.074249,33.684002,-117.063611
"N6,SR_SKN",33.684288,-117.070979,33.583383,-117.071451
"N8,HSU511N8",33.034396,-117.034424,32.87805895,-116.8531028
"N8,WTP511",33.034396,-117.034424,32.88193901,-117.1638826
"PMP_Wads,N5",33.682148,-117.070134,33.683559,-117.074249
"PMP_Wads,SR_DMV",33.682148,-117.070134,33.684002,-117.063611
"PWP_Wads,N6",33.680536,-117.069446,33.684288,-117.070979
"SR_DMV,PMP_Wads",33.684002,-117.063611,33.682148,-117.070134
"SR_DMV,PWP_Wads",33.684002,-117.063611,33.680536,-117.069446
"SR_SKN,C153",33.583383,-117.071451,33.58196,-117.080452
"SR_SKN,N8",33.583383,-117.071451,33.034396,-117.034424
"HNP509,HXI509",33.52265436,-117.7015176,33.5282709,-117.7015176
"HP509,U509",33.5282709,-117.6925344,33.530143,-117.697026
"HXI509,HXEWMWD",33.5282709,-117.7015176,33.5282709,-117.7015176
"HXI509,Ind_EMWD",33.5282709,-117.7015176,33.52639876,-117.697026
"Ind_EMWD,WWP509",33.52639876,-117.697026,33.52265436,-117.697026
"IRes_EMWD,WWP509",33.52639876,-117.6880428,33.52265436,-117.697026
"U509,HXI509",33.530143,-117.697026,33.5282709,-117.7015176
"U509,IRes_EMWD",33.530143,-117.697026,33.52639876,-117.6880428
"WTP509,U509",33.53201506,-117.6902886,33.530143,-117.697026
"WWP509,HNP509",33.52265436,-117.697026,33.52265436,-117.7015176
"WWP509,HP509",33.52265436,-117.697026,33.5282709,-117.6925344
"HNP511,HXI511",32.87250855,-117.1751116,32.87816695,-117.1751116
"HP511,U511",32.87816695,-117.1661284,32.880053,-117.17062
"HXI511,HXSD",32.87816695,-117.1751116,32.87816695,-117.1751116
"HXI511,Ind_SDMWD",32.87816695,-117.1751116,32.87628085,-117.17062
"Ind_SDMWD,WWP511",32.87628085,-117.17062,32.87250855,-117.17062
"IRes_SDWD,WWP511",32.87628085,-117.1616368,32.87250855,-117.17062
"U511,HXI511",32.880053,-117.17062,32.87816695,-117.1751116
"U511,IRes_SDWD",32.880053,-117.17062,32.87628085,-117.1616368
"WTP511,U511",32.88193901,-117.1638826,32.880053,-117.17062
"WWP511,HNP511",32.87250855,-117.17062,32.87250855,-117.1751116
"WWP511,HP511",32.87250855,-117.17062,32.87816695,-117.1661284
"A509,HU509",33.71231333,-117.2104,33.708577,-117.2104
"HSU509C154,A509",33.7029722,-117.2014168,33.71231333,-117.2104
"HU509,AGG_EW",33.708577,-117.2104,33.70484051,-117.2148916
"AGG_EW,HGREW",33.70484051,-117.2148916,33.704165,-117.712708
"C129,D876",34.148808,-117.277837,34.150573,-117.388555
"C129,N2",34.148808,-117.277837,33.980078,-117.144574
"C131,D881",34.007252,-117.312498,33.844212,-117.280958
"C131,N1",34.007252,-117.312498,34.032364,-117.209001
"C138,SR_MHW",33.71505,-117.046669,33.84895,-117.454613
"D876,C131",34.150573,-117.388555,34.007252,-117.312498
"D881,N3",33.844212,-117.280958,33.835837,-117.182219
"D881,SR_PRR",33.844212,-117.280958,33.858018,-117.183869
"ERES_EWMWD,HGREW",33.704972,-117.825602,33.704165,-117.712708
"ERes_SBV,HGRSBV",34.14002362,-117.4637202,34.079899,-117.5223
"GW_SBV,HGPSBV",34.08128,-117.460982,34.082154,-117.408926
"HARSBV,GW_SBV",34.136306,-117.4637202,34.08128,-117.460982
"HGPSBV,U506",34.082154,-117.408926,34.136306,-117.454737
"HGRSBV,GW_SBV",34.079899,-117.5223,34.08128,-117.460982
"N1,N2",34.032364,-117.209001,33.980078,-117.144574
"N1,WTP506",34.032364,-117.209001,34.13816483,-117.4479996
"N2,N1",33.980078,-117.144574,34.032364,-117.209001
"N2,N4",33.980078,-117.144574,33.771835,-116.964058
"N3,C138",33.835837,-117.182219,33.71505,-117.046669
"N4,C138",33.771835,-116.964058,33.71505,-117.046669
"PWP_Devils,C129",34.205618,-117.334446,34.148808,-117.277837
"SR_PRR,N3",33.858018,-117.183869,33.835837,-117.182219
"HNP506,HXI506",34.12887027,-117.4592286,34.13444713,-117.4592286
"HP506,U506",34.13444713,-117.4502454,34.136306,-117.454737
"HXI506,ERes_SBV",34.13444713,-117.4592286,34.14002362,-117.4637202
"HXI506,Ind_SBV",34.13444713,-117.4592286,34.13258822,-117.454737
"Ind_SBV,WWP506",34.13258822,-117.454737,34.12887027,-117.454737
"IRes_SBV,WWP506",34.13258822,-117.4457538,34.12887027,-117.454737
"U506,HARSBV",34.136306,-117.454737,34.136306,-117.4637202
"U506,HXI506",34.136306,-117.454737,34.13444713,-117.4592286
"U506,IRes_SBV",34.136306,-117.454737,34.13258822,-117.4457538
"WTP506,U506",34.13816483,-117.4479996,34.136306,-117.454737
"WWP506,HNP506",34.12887027,-117.454737,34.12887027,-117.4592286
"WWP506,HP506",34.12887027,-117.454737,34.13444713,-117.4502454
"A501,HU501",34.33804488,-119.111544,34.334336,-119.111544
"HSU501C106,A501",34.32877237,-119.1025608,34.33804488,-119.111544
"HU501,AGG_VENT",34.334336,-119.111544,34.33062695,-119.1160356
"HU501,AGS_VENT",34.334336,-119.111544,34.33062695,-119.1070524
"AGG_VENT,HGRVC",34.33062695,-119.1160356,34.281464,-119.196961
"C106,HSU501C106",34.400984,-118.785093,34.32877237,-119.1025608
"C106,WTP501",34.400984,-118.785093,34.13848982,-119.1361726
"D885,PWP_Warne",34.739898,-118.798985,34.686966,-118.789214
"D886,PWP_Castai",34.621936,-118.720088,34.587048,-118.65629
"D887,SR_CAS",34.563534,-118.632063,34.516992,-118.60092
"D888,D889",34.515843,-118.610133,34.392866,-118.531956
"D889,WTP503",34.392866,-118.531956,34.4384992,-118.5414906
"ERes_VENT,HGRVC",34.1403486,-119.1518932,34.281464,-119.196961
"GW_VC,HGPVC",34.247991,-119.131199,34.221579,-119.068722
"HGPVC,A501",34.221579,-119.068722,34.33804488,-119.111544
"HGPVC,U501",34.221579,-119.068722,34.136631,-119.14291
"HGRVC,GW_VC",34.281464,-119.196961,34.247991,-119.131199
"PWP_Castai,D887",34.587048,-118.65629,34.563534,-118.632063
"PWP_Warne,SR_PYM",34.686966,-118.789214,34.632987,-118.750925
"SR_CAS,C106",34.516992,-118.60092,34.400984,-118.785093
"SR_CAS,D888",34.516992,-118.60092,34.515843,-118.610133
"SR_PYM,C106",34.632987,-118.750925,34.400984,-118.785093
"SR_PYM,D886",34.632987,-118.750925,34.621936,-118.720088
"HNP503,HXI503",34.4292378,-118.5527196,34.43479476,-118.5527196
"HP503,U503",34.43479476,-118.5437364,34.436647,-118.548228
"HXI503,EXT_CLWA",34.43479476,-118.5527196,34.43294248,-118.5527196
"INT_CLWA,WWP503",34.43294248,-118.5437364,34.4292378,-118.548228
"U503,HXI503",34.436647,-118.548228,34.43479476,-118.5527196
"U503,INT_CLWA",34.436647,-118.548228,34.43294248,-118.5437364
"WTP503,U503",34.4384992,-118.5414906,34.436647,-118.548228
"WWP503,HNP503",34.4292378,-118.548228,34.4292378,-118.5527196
"WWP503,HP503",34.4292378,-118.548228,34.43479476,-118.5437364
"HNP501,HXI501",34.1291953,-119.1474016,34.13477214,-119.1474016
"HP501,U501",34.13477214,-119.1384184,34.136631,-119.14291
"HXI501,ERes_VENT",34.13477214,-119.1474016,34.1403486,-119.1518932
"HXI501,IND_VENT",34.13477214,-119.1474016,34.13291323,-119.14291
"IND_VENT,WWP501",34.13291323,-119.14291,34.1291953,-119.14291
"IRES_VENT,WWP501",34.13291323,-119.1339268,34.1291953,-119.14291
"U501,HXI501",34.136631,-119.14291,34.13477214,-119.1474016
"U501,IRES_VENT",34.136631,-119.14291,34.13291323,-119.1339268
"WTP501,U501",34.13848982,-119.1361726,34.136631,-119.14291
"WWP501,HNP501",34.1291953,-119.14291,34.1291953,-119.1474016
"WWP501,HP501",34.1291953,-119.14291,34.13477214,-119.1384184
"A502,HU502",34.80808398,-118.229758,34.804396,-118.229758
"HSU502N7,A502",34.79886373,-118.2207748,34.80808398,-118.229758
"HU502,AGG_AV",34.804396,-118.229758,34.80070786,-118.2342496
"AGG_AV,HGRAV",34.80070786,-118.2342496,34.844968,-118.167828
"C124,D871",34.479975,-117.865372,34.491822,-117.685021
"C124,HARMJ",34.479975,-117.865372,34.568284,-117.812979
"D865,PMP_OSO",34.826237,-118.707665,34.812125,-118.721156
"D865,PWP_Alamo",34.826237,-118.707665,34.819978,-118.695923
"D868,D870",34.769587,-118.531548,34.575924,-118.179427
"D868,HARAV",34.769587,-118.531548,34.938641,-118.256382
"D868,N7",34.769587,-118.531548,34.853002,-118.528762
"D870,PMP_Pearb",34.575924,-118.179427,34.512435,-117.921549
"D884,N7",34.777319,-118.728724,34.853002,-118.528762
"EXT_AV,HGRAV",34.68161354,-118.1552276,34.844968,-118.167828
"GW_AV,HGPAV",34.877704,-118.250676,34.787788,-118.302912
"HARAV,GW_AV",34.938641,-118.256382,34.877704,-118.250676
"HGPAV,A502",34.787788,-118.302912,34.80808398,-118.229758
"HGPAV,U502",34.787788,-118.302912,34.685307,-118.150736
"HGRAV,GW_AV",34.844968,-118.167828,34.877704,-118.250676
"N7,HSU502N7",34.853002,-118.528762,34.79886373,-118.2207748
"N7,WTP502",34.853002,-118.528762,34.68715367,-118.1439986
"PMP_OSO,D884",34.812125,-118.721156,34.777319,-118.728724
"PMP_Pearb,C124",34.512435,-117.921549,34.479975,-117.865372
"PWP_Alamo,D868",34.819978,-118.695923,34.769587,-118.531548
"HNP502,HXI502",34.67791991,-118.1552276,34.68346029,-118.1552276
"HP502,U502",34.68346029,-118.1462444,34.685307,-118.150736
"HXI502,EXT_AV",34.68346029,-118.1552276,34.68161354,-118.1552276
"INT_AV,WWP502",34.68161354,-118.1462444,34.67791991,-118.150736
"U502,HXI502",34.685307,-118.150736,34.68346029,-118.1552276
"U502,INT_AV",34.685307,-118.150736,34.68161354,-118.1462444
"WTP502,U502",34.68715367,-118.1439986,34.685307,-118.150736
"WWP502,HNP502",34.67791991,-118.150736,34.67791991,-118.1552276
"WWP502,HP502",34.67791991,-118.150736,34.68346029,-118.1462444
"WWP502,HGRAV",34.67791991,-118.150736,34.844968,-118.167828
"C120,SR_LA",37.412626,-118.404899,36.141032,-117.951616
"C122,C161",36.068687,-117.962299,34.434379,-118.060554
"D871,D872",34.491822,-117.685021,34.394393,-117.492089
"D871,WTP505",34.491822,-117.685021,34.5286222,-117.2949606
"HARMJ,GW_MJ",34.568284,-117.812979,34.730914,-117.516995
"PWP_Owens2,C122",36.138543,-117.953717,36.068687,-117.962299
"SR_LA,PWP_Owens2",36.141032,-117.951616,36.138543,-117.953717
"D872,PWP_Mojave",34.394393,-117.492089,34.308496,-117.322361
"EXT_MR,HGRMJ",34.52307148,-117.3061896,34.626077,-117.569211
"GW_MJ,HGPMJ",34.730914,-117.516995,34.739368,-117.385247
"HGPMJ,U505",34.739368,-117.385247,34.526772,-117.301698
"HGRMJ,GW_MJ",34.626077,-117.569211,34.730914,-117.516995
"PWP_Mojave,SR_SLW",34.308496,-117.322361,34.302784,-117.318183
"HNP505,HXI505",34.5193708,-117.3061896,34.52492176,-117.3061896
"HP505,U505",34.52492176,-117.2972064,34.526772,-117.301698
"HXI505,EXT_MR",34.52492176,-117.3061896,34.52307148,-117.3061896
"INT_MR,WWP505",34.52307148,-117.2972064,34.5193708,-117.301698
"U505,HXI505",34.526772,-117.301698,34.52492176,-117.3061896
"U505,INT_MR",34.526772,-117.301698,34.52307148,-117.2972064
"WTP505,U505",34.5286222,-117.2949606,34.526772,-117.301698
"WWP505,HNP505",34.5193708,-117.301698,34.5193708,-117.3061896
"WWP505,HP505",34.5193708,-117.301698,34.52492176,-117.2972064
"WWP505,HGRMJ",34.5193708,-117.301698,34.626077,-117.569211
"A500,HU500",37.35584736,-118.402599,37.352277,-118.402599
"HU500,AgS_Owens",37.352277,-118.402599,37.34870647,-118.3981074
"C116,C120",37.4143,-118.523564,37.412626,-118.404899
"C120,HAROW",37.412626,-118.404899,37.384283,-118.42903
"C120,SR_OL",37.412626,-118.404899,36.427721,-117.950493
"GW_OW,HGPOW",37.378856,-118.414733,37.371154,-118.402979
"HAROW,GW_OW",37.384283,-118.42903,37.378856,-118.414733
"HGPOW,A500",37.371154,-118.402979,37.35584736,-118.402599
"HGPOW,C120",37.371154,-118.402979,37.412626,-118.404899
"PWP_Owens1,C116",37.438938,-118.558496,37.4143,-118.523564
"SR_CRW,C116",37.587985,-118.707574,37.4143,-118.523564
"SR_CRW,PWP_Owens1",37.587985,-118.707574,37.438938,-118.558496
"SR_GNT,SR_CRW",37.861928,-119.10298,37.587985,-118.707574
"SR_GNT,SR_ML",37.861928,-119.10298,37.978925,-119.136983
"SR_OL,C120",36.427721,-117.950493,37.412626,-118.404899
"SR_CMN,C38",38.224918,-121.022053,38.255915,-121.440063
"SR_MHW,C161",33.84895,-117.454613,34.434379,-118.060554
"SR_MIL,C49",37.00095,-119.705978,36.851027,-119.564242
"SR_MIL,D605",37.00095,-119.705978,36.865272,-119.803597
"SR_SLW,PWP_Devils",34.302784,-117.318183,34.205618,-117.334446
"SR_SNL,D714",37.032945,-121.134034,37.039902,-121.267861
"C49,C51",36.851027,-119.564242,36.816849,-119.383159
"C53,C54",36.816849,-119.383159,36.652949,-120.180991
"C53,HAR16",36.816849,-119.383159,36.687767,-119.635936
"C53,HAR17",36.816849,-119.383159,36.643886,-119.483543
"C53,HSU401C53",36.816849,-119.383159,36.54354936,-119.7325968
"C53,HSU403C53",36.816849,-119.383159,36.61012803,-119.3127868
"C53,WTP401",36.816849,-119.383159,36.75429037,-119.8129276
"C688,C62",36.171191,-119.059624,35.560005,-119.247309
"C75,N9",35.917365,-119.92026,36.101574,-119.898746
"D845,D850",35.853486,-119.89229,35.558967,-119.667792
"EXT_CVPM15,HGR15",36.25834226,-119.8964536,36.23436,-119.837142
"GW_20,HGP20",35.802107,-119.215148,35.761971,-119.274639
"HAR20,GW_20",35.431482,-119.070655,35.802107,-119.215148
"HGP15,U404",36.248077,-119.732099,36.261964,-119.891962
"HGR20,GW_20",35.771065,-119.292631,35.802107,-119.215148
"HSU402AD60,A402A",36.600896,-120.274087,36.425433,-120.201716
"HSU404AN9,A404A",36.311367,-119.917198,36.292647,-119.676232
"HSUR303,R_MDT",36.766428,-120.391923,36.725933,-120.340183
"INT_CVPM15,HGR15",36.25834226,-119.8874704,36.23436,-119.837142
"A408A,HU408A",35.367553,-119.398625,35.413837,-119.379365
"A408B,HU408B",35.461837,-119.487267,35.469424,-119.468673
"A409A,C74",35.184184,-118.869702,35.359626,-119.117233
"A409A,C98",35.184184,-118.869702,35.047247,-118.877963
"A409A,HU409A",35.184184,-118.869702,35.171745,-118.913806
"A409B,HU409B",35.14979,-119.035894,35.149061,-119.049689
"A409C,HU409C",35.138114,-119.12863,35.117182,-119.129184
"A407,HU407",35.68225043,-119.344236,35.678602,-119.344236
"CVPM20S,HSD407",35.6749534,-119.3397444,35.68225043,-119.3352528
"HSU407C63,A407",35.67312904,-119.3352528,35.68225043,-119.344236
"HSU407C64,A407",35.67312904,-119.3352528,35.68225043,-119.344236
"HSU407C65,A407",35.67312904,-119.3352528,35.68225043,-119.344236
"HU407,CVPM20G",35.678602,-119.344236,35.6749534,-119.3487276
"HU407,CVPM20S",35.678602,-119.344236,35.6749534,-119.3397444
"C62,C64",35.560005,-119.247309,35.600933,-119.462565
"C62,HAR19",35.560005,-119.247309,35.539585,-119.377529
"C62,N10",35.560005,-119.247309,35.567112,-119.411175
"C64,C689",35.600933,-119.462565,35.389768,-119.089519
"C64,HAR20",35.600933,-119.462565,35.431482,-119.070655
"C64,HSU407C64",35.600933,-119.462565,35.67312904,-119.3352528
"C65,C97",35.431957,-118.945931,35.431957,-118.945931
"C65,HAR20",35.431957,-118.945931,35.431482,-119.070655
"C65,HAR21",35.431957,-118.945931,35.345914,-119.065284
"C65,HSU407C65",35.431957,-118.945931,35.67312904,-119.3352528
"C65,HSU408BC65",35.431957,-118.945931,35.445205,-119.176799
"C65,HSU409AC65",35.431957,-118.945931,35.368324,-118.962797
"C65,WTP407",35.431957,-118.945931,35.76555329,-119.2376396
"C689,C65",35.389768,-119.089519,35.431957,-118.945931
"C689,HAR21",35.389768,-119.089519,35.345914,-119.065284
"C689,HSU409AC68",35.389768,-119.089519,35.331307,-118.998731
"C73,D859",35.325482,-119.21283,35.261828,-119.307634
"C73,HAR19",35.325482,-119.21283,35.539585,-119.377529
"C73,SR_BVLB",35.325482,-119.21283,35.224567,-119.262113
"C74,C97",35.359626,-119.117233,35.431957,-118.945931
"C74,D752",35.359626,-119.117233,35.29861,-119.345666
"C74,HAR20",35.359626,-119.117233,35.431482,-119.070655
"C74,HAR21",35.359626,-119.117233,35.345914,-119.065284
"C74,HSU407C63",35.359626,-119.117233,35.67312904,-119.3352528
"C74,HSU408AC74",35.359626,-119.117233,35.406108,-119.196464
"C74,HSU409AC74",35.359626,-119.117233,35.298837,-119.109922
"C95,D752",35.325805,-119.408835,35.29861,-119.345666
"C97,C73",35.431957,-118.945931,35.325482,-119.21283
"C97,WTP410",35.431957,-118.945931,35.37737614,-119.0015046
"C98,D855",35.047247,-118.877963,35.281071,-119.323833
"C98,D860",35.047247,-118.877963,35.090484,-119.332074
"C98,HAR21",35.047247,-118.877963,35.345914,-119.065284
"CVPM19AG,HGR19",35.36389024,-119.4031166,35.430922,-119.512365
"CVPM19AS,HSD408A",35.36389024,-119.3941334,35.352772,-119.294069
"CVPM19BG,HGR19",35.45817852,-119.4917586,35.430922,-119.512365
"CVPM19BS,HSD408B",35.45817852,-119.4827754,35.425541,-119.266075
"CVPM20G,HGR20",35.6749534,-119.3487276,35.771065,-119.292631
"CVPM21AG,HGR21",35.18051293,-118.8741936,35.238154,-119.030561
"CVPM21AS,HSD21",35.18051293,-118.8652104,35.364555,-119.187768
"CVPM21BG,HGR21",35.14611738,-119.0403856,35.238154,-119.030561
"CVPM21BS,HSD409B",35.14611738,-119.0314024,35.299149,-119.167285
"CVPM21CG,HGR21",35.13444085,-119.1331216,35.238154,-119.030561
"CVPM21CS,HSD409C",35.13444085,-119.1241384,35.289613,-119.189395
"D752,C74",35.29861,-119.345666,35.359626,-119.117233
"D752,D855",35.29861,-119.345666,35.281071,-119.323833
"D847,N11",35.718302,-120.005391,35.370507,-119.758709
"D850,D851",35.558967,-119.667792,35.466862,-119.637928
"D850,HAR19",35.558967,-119.667792,35.539585,-119.377529
"D850,N12",35.558967,-119.667792,35.572836,-119.490197
"D851,D853",35.466862,-119.637928,35.36269,-119.488731
"D853,C95",35.36269,-119.488731,35.325805,-119.408835
"D855,C98",35.281071,-119.323833,35.047247,-118.877963
"D855,D859",35.281071,-119.323833,35.261828,-119.307634
"D859,PMP_Buena",35.261828,-119.307634,35.158966,-119.344948
"D860,C98",35.090484,-119.332074,35.047247,-118.877963
"D860,D861",35.090484,-119.332074,35.072289,-119.150352
"D860,HSU409CD86",35.090484,-119.332074,35.137583,-119.188578
"D861,PMP_Wheelr",35.072289,-119.150352,35.033408,-119.008437
"D862A,D863",35.028653,-119.001879,35.024102,-118.986062
"D862B,HSU409BD86",34.964901,-118.911872,35.088059,-118.995605
"D862B,PMP_Edmons",34.964901,-118.911872,34.944971,-118.82593
"D863,PMPChris",35.024102,-118.986062,35.017257,-118.980479
"Ext_CVPM19,HGR19",35.39798378,-119.4795546,35.430922,-119.512365
"EXT_CVPM20,HGR20",35.7600863,-119.2488686,35.771065,-119.292631
"EXT_CVPM21,HGR21",35.22738405,-119.0923196,35.238154,-119.030561
"GW_19,HGP19",35.437278,-119.529869,35.491776,-119.528461
"GW_21,HGP21",35.262951,-119.088815,35.225973,-119.071181
"GW_KRN,HGPKRN",35.050838,-118.830299,35.029826,-118.837723
"HAR19,GW_19",35.539585,-119.377529,35.437278,-119.529869
"HAR21,GW_21",35.345914,-119.065284,35.262951,-119.088815
"HARKRN,GW_KRN",35.033277,-118.767607,35.050838,-118.830299
"HGP19,A408A",35.491776,-119.528461,35.367553,-119.398625
"HGP19,A408B",35.491776,-119.528461,35.461837,-119.487267
"HGP19,D851",35.491776,-119.528461,35.466862,-119.637928
"HGP19,R401",35.491776,-119.528461,35.507359,-119.457096
"HGP19,U408",35.491776,-119.528461,35.401645,-119.475063
"HGP20,A407",35.761971,-119.274639,35.68225043,-119.344236
"HGP20,U407",35.761971,-119.274639,35.763731,-119.244377
"HGP21,A409A",35.225973,-119.071181,35.184184,-118.869702
"HGP21,A409B",35.225973,-119.071181,35.14979,-119.035894
"HGP21,A409C",35.225973,-119.071181,35.138114,-119.12863
"HGP21,C98",35.225973,-119.071181,35.047247,-118.877963
"HGP21,U409",35.225973,-119.071181,35.231053,-119.087828
"HGP21,U410",35.225973,-119.071181,35.375545,-119.008242
"HGR19,GW_19",35.430922,-119.512365,35.437278,-119.529869
"HGR21,GW_21",35.238154,-119.030561,35.262951,-119.088815
"HSD21,C73",35.364555,-119.187768,35.325482,-119.21283
"HSD407,C73",35.68225043,-119.3352528,35.325482,-119.21283
"HSD408A,C73",35.352772,-119.294069,35.325482,-119.21283
"HSD408B,C73",35.425541,-119.266075,35.325482,-119.21283
"HSD408B,R401",35.425541,-119.266075,35.507359,-119.457096
"HSD409B,C73",35.299149,-119.167285,35.325482,-119.21283
"HSD409C,C73",35.289613,-119.189395,35.325482,-119.21283
"HSR401,R401",35.492691,-119.473314,35.507359,-119.457096
"HSU408AC74,A408A",35.406108,-119.196464,35.367553,-119.398625
"HSU408AN10,A408A",35.471629,-119.429693,35.367553,-119.398625
"HSU408AN11,A408A",35.527321,-119.593604,35.367553,-119.398625
"HSU408AN12,A408A",35.508649,-119.551324,35.367553,-119.398625
"HSU408BC65,A408B",35.445205,-119.176799,35.461837,-119.487267
"HSU408BN10,A408B",35.463503,-119.447133,35.461837,-119.487267
"HSU408BN11,A408B",35.41593,-119.598998,35.461837,-119.487267
"HSU408BN12,A408B",35.482991,-119.491055,35.461837,-119.487267
"HSU408BN12,HSR401",35.482991,-119.491055,35.492691,-119.473314
"HSU409AC65,A409A",35.368324,-118.962797,35.184184,-118.869702
"HSU409AC68,A409A",35.331307,-118.998731,35.184184,-118.869702
"HSU409AC74,A409A",35.298837,-119.109922,35.184184,-118.869702
"HSU409BD86,A409B",35.088059,-118.995605,35.14979,-119.035894
"HSU409CD86,A409C",35.137583,-119.188578,35.138114,-119.12863
"HSUR401,R_KER",35.587773,-119.510058,35.748516,-119.616313
"HU408A,CVPM19AG",35.413837,-119.379365,35.36389024,-119.4031166
"HU408A,CVPM19AS",35.413837,-119.379365,35.36389024,-119.3941334
"HU408B,CVPM19BG",35.469424,-119.468673,35.45817852,-119.4917586
"HU408B,CVPM19BS",35.469424,-119.468673,35.45817852,-119.4827754
"HU409A,CVPM21AG",35.171745,-118.913806,35.18051293,-118.8741936
"HU409A,CVPM21AS",35.171745,-118.913806,35.18051293,-118.8652104
"HU409B,CVPM21BG",35.149061,-119.049689,35.14611738,-119.0403856
"HU409B,CVPM21BS",35.149061,-119.049689,35.14611738,-119.0314024
"HU409C,CVPM21CG",35.117182,-119.129184,35.13444085,-119.1331216
"HU409C,CVPM21CS",35.117182,-119.129184,35.13444085,-119.1241384
"INT_CVPM19,HGR19",35.39798378,-119.4705714,35.430922,-119.512365
"INT_CVPM21,HGR21",35.22738405,-119.0833364,35.238154,-119.030561
"N10,HSU408AN10",35.567112,-119.411175,35.471629,-119.429693
"N10,HSU408BN10",35.567112,-119.411175,35.463503,-119.447133
"N11,HSU408AN11",35.370507,-119.758709,35.527321,-119.593604
"N11,HSU408BN11",35.370507,-119.758709,35.41593,-119.598998
"N12,HSU408AN12",35.572836,-119.490197,35.508649,-119.551324
"N12,HSU408BN12",35.572836,-119.490197,35.482991,-119.491055
"PMP_Buena,D860",35.158966,-119.344948,35.090484,-119.332074
"PMP_Wheelr,D862A",35.033408,-119.008437,35.028653,-119.001879
"PMPChris,D862B",35.017257,-118.980479,34.964901,-118.911872
"R401,HSUR401",35.507359,-119.457096,35.587773,-119.510058
"R_KER,C73",35.748516,-119.616313,35.325482,-119.21283
"SR_BVLB,D859",35.224567,-119.262113,35.261828,-119.307634
"HNP410,HXI410",35.36822003,-119.0127336,35.37371382,-119.0127336
"HP410,U410",35.37371382,-119.0037504,35.375545,-119.008242
"HXI410,EXT_BAKER",35.37371382,-119.0127336,35.3718826,-119.0127336
"INT_BAKER,WWP410",35.3718826,-119.0037504,35.36822003,-119.008242
"U410,HXI410",35.375545,-119.008242,35.37371382,-119.0127336
"U410,INT_BAKER",35.375545,-119.008242,35.3718826,-119.0037504
"WTP410,U410",35.37737614,-119.0015046,35.375545,-119.008242
"WWP410,HNP410",35.36822003,-119.008242,35.36822003,-119.0127336
"WWP410,HP410",35.36822003,-119.008242,35.37371382,-119.0037504
"U408,Ext_CVPM19",35.401645,-119.475063,35.39798378,-119.4795546
"U408,INT_CVPM19",35.401645,-119.475063,35.39798378,-119.4705714
"HNP407,HXI407",35.75644143,-119.2488686,35.76190867,-119.2488686
"HP407,U407",35.76190867,-119.2398854,35.763731,-119.244377
"HXI407,EXT_CVPM20",35.76190867,-119.2488686,35.7600863,-119.2488686
"INT_CVPM20,WWP407",35.7600863,-119.2398854,35.75644143,-119.244377
"U407,HXI407",35.763731,-119.244377,35.76190867,-119.2488686
"U407,INT_CVPM20",35.763731,-119.244377,35.7600863,-119.2398854
"WTP407,U407",35.76555329,-119.2376396,35.763731,-119.244377
"WWP407,HNP407",35.75644143,-119.244377,35.75644143,-119.2488686
"WWP407,HP407",35.75644143,-119.244377,35.76190867,-119.2398854
"U409,EXT_CVPM21",35.231053,-119.087828,35.22738405,-119.0923196
"U409,INT_CVPM21",35.231053,-119.087828,35.22738405,-119.0833364
"WWP407,C73",35.75644143,-119.244377,35.325482,-119.21283
"WWP407,HGR20",35.75644143,-119.244377,35.771065,-119.292631
"WWP410,C73",35.36822003,-119.008242,35.325482,-119.21283
"WWP410,HGR21",35.36822003,-119.008242,35.238154,-119.030561
"A404A,HU404A",36.292647,-119.676232,36.35917,-119.682129
"A404B,HU404B",36.197525,-119.781651,36.187639,-119.756707
"A401,HU401",36.55257022,-119.74158,36.548962,-119.74158
"CVPM16S,HSD401",36.54535362,-119.7370884,36.55257022,-119.7325968
"HSU401C49,A401",36.54354936,-119.7325968,36.55257022,-119.74158
"HSU401C53,A401",36.54354936,-119.7325968,36.55257022,-119.74158
"HSU401D606,A401",36.54354936,-119.7325968,36.55257022,-119.74158
"HU401,CVPM16G",36.548962,-119.74158,36.54535362,-119.7460716
"HU401,CVPM16S",36.548962,-119.74158,36.54535362,-119.7370884
"A403,HU403",36.61914111,-119.32177,36.615536,-119.32177
"CVPM17S,HSD403",36.61193073,-119.3172784,36.61914111,-119.3127868
"HSU403C53,A403",36.61012803,-119.3127868,36.61914111,-119.32177
"HSU403C76,A403",36.61012803,-119.3127868,36.61914111,-119.32177
"HU403,CVPM17G",36.615536,-119.32177,36.61193073,-119.3262616
"HU403,CVPM17S",36.615536,-119.32177,36.61193073,-119.3172784
"A405,HU405",36.11682046,-119.192371,36.113192,-119.192371
"CVPM18S,HSD405",36.10956338,-119.1878794,36.11682046,-119.1833878
"HSU405C56,A405",36.107749,-119.1833878,36.11682046,-119.192371
"HSU405C58,A405",36.107749,-119.1833878,36.11682046,-119.192371
"HSU405C688,A405",36.107749,-119.1833878,36.11682046,-119.192371
"HU405,CVPM18G",36.113192,-119.192371,36.10956338,-119.1968626
"HU405,CVPM18S",36.113192,-119.192371,36.10956338,-119.1878794
"C49,C76",36.851027,-119.564242,36.622163,-119.305256
"C49,HAR16",36.851027,-119.564242,36.687767,-119.635936
"C49,HAR17",36.851027,-119.564242,36.643886,-119.483543
"C49,HSU401C49",36.851027,-119.564242,36.54354936,-119.7325968
"C49,HSU404AC49",36.851027,-119.564242,36.47826,-119.592785
"C49,WTP401",36.851027,-119.564242,36.75429037,-119.8129276
"C52,C59",36.38628,-119.785603,36.051739,-119.825585
"C52,HAR15",36.38628,-119.785603,36.345679,-119.85594
"C52,HSU404AC52",36.38628,-119.785603,36.355314,-119.751224
"C54,C52",36.652949,-120.180991,36.38628,-119.785603
"C56,C59",36.371429,-119.099811,36.051739,-119.825585
"C56,HAR18",36.371429,-119.099811,36.152092,-119.15934
"C56,HSU404AC56",36.371429,-119.099811,36.312885,-119.485222
"C56,HSU405C56",36.371429,-119.099811,36.107749,-119.1833878
"C56,WTP405",36.371429,-119.099811,36.30858577,-119.3160476
"C57,C58",36.074013,-119.089061,36.074013,-119.089061
"C58,C59",36.074013,-119.089061,36.051739,-119.825585
"C58,HAR18",36.074013,-119.089061,36.152092,-119.15934
"C58,HSU405C58",36.074013,-119.089061,36.107749,-119.1833878
"C59,SR_TL",36.051739,-119.825585,36.079387,-119.723121
"C688,C57",36.171191,-119.059624,36.074013,-119.089061
"C688,HAR18",36.171191,-119.059624,36.152092,-119.15934
"C688,HSU405C688",36.171191,-119.059624,36.107749,-119.1833878
"C688,WTP405",36.171191,-119.059624,36.30858577,-119.3160476
"C76,C688",36.622163,-119.305256,36.171191,-119.059624
"C76,C89",36.622163,-119.305256,36.371429,-119.099811
"C76,HSU403C76",36.622163,-119.305256,36.61012803,-119.3127868
"C89,C56",36.371429,-119.099811,36.371429,-119.099811
"CVPM15AG,HGR15",36.28902669,-119.6807236,36.23436,-119.837142
"CVPM15AS,HSD404A",36.28902669,-119.6717404,36.262137,-119.664505
"CVPM15BG,HGR15",36.19390028,-119.7861426,36.23436,-119.837142
"CVPM15BS,HSD404B",36.19390028,-119.7771594,36.15417,-119.7854
"CVPM16G,HGR16",36.54535362,-119.7460716,36.708418,-119.799016
"CVPM17G,HGR17",36.61193073,-119.3262616,36.579017,-119.416802
"CVPM18G,HGR18",36.10956338,-119.1968626,36.150415,-119.216592
"D605,D606",36.865272,-119.803597,36.825709,-120.016457
"D606,HSU401D606",36.825709,-120.016457,36.54354936,-119.7325968
"EXT_CVPM17,HGR17",36.59440391,-119.4465826,36.579017,-119.416802
"EXT_CVPM18,HGR18",36.30315634,-119.3272766,36.150415,-119.216592
"EXT_FRESN,HGR16",36.74889214,-119.8241566,36.708418,-119.799016
"GW_15,HGP15",36.276589,-119.843125,36.248077,-119.732099
"GW_16,HGP16",36.704784,-119.774269,36.669562,-119.820501
"GW_17,HGP17",36.579299,-119.503074,36.61501,-119.460225
"GW_18,HGP18",36.169835,-119.2018,36.164255,-119.258115
"HAR15,GW_15",36.345679,-119.85594,36.276589,-119.843125
"HAR16,GW_16",36.687767,-119.635936,36.704784,-119.774269
"HAR17,GW_17",36.643886,-119.483543,36.579299,-119.503074
"HAR18,GW_18",36.152092,-119.15934,36.169835,-119.2018
"HGP15,A404A",36.248077,-119.732099,36.292647,-119.676232
"HGP15,A404B",36.248077,-119.732099,36.197525,-119.781651
"HGP16,A401",36.669562,-119.820501,36.55257022,-119.74158
"HGP16,U401",36.669562,-119.820501,36.752491,-119.819665
"HGP17,A403",36.61501,-119.460225,36.61914111,-119.32177
"HGP17,U403",36.61501,-119.460225,36.59801,-119.442091
"HGP18,A405",36.164255,-119.258115,36.11682046,-119.192371
"HGP18,R402",36.164255,-119.258115,36.143226,-119.296091
"HGP18,U405",36.164255,-119.258115,36.306776,-119.322785
"HGR15,GW_15",36.23436,-119.837142,36.276589,-119.843125
"HGR16,GW_16",36.708418,-119.799016,36.704784,-119.774269
"HGR17,GW_17",36.579017,-119.416802,36.579299,-119.503074
"HGR18,GW_18",36.150415,-119.216592,36.169835,-119.2018
"HSD401,C59",36.55257022,-119.7325968,36.051739,-119.825585
"HSD403,C59",36.61914111,-119.3127868,36.051739,-119.825585
"HSD404A,C59",36.262137,-119.664505,36.051739,-119.825585
"HSD404B,C59",36.15417,-119.7854,36.051739,-119.825585
"HSD405,C59",36.11682046,-119.1833878,36.051739,-119.825585
"HSD405,R402",36.11682046,-119.1833878,36.143226,-119.296091
"HSR402,R402",35.969395,-119.29305,36.143226,-119.296091
"HSU404AC49,A404A",36.47826,-119.592785,36.292647,-119.676232
"HSU404AC52,A404A",36.355314,-119.751224,36.292647,-119.676232
"HSU404AC56,A404A",36.312885,-119.485222,36.292647,-119.676232
"HSU404AD60,A404A",36.651445,-119.972678,36.292647,-119.676232
"HSU404BN9,A404B",36.177341,-119.833717,36.197525,-119.781651
"HSU405C688,HSR402",36.107749,-119.1833878,35.969395,-119.29305
"HSUR402,R_PIX",36.071045,-119.325802,35.926651,-119.385059
"HU404A,CVPM15AG",36.35917,-119.682129,36.28902669,-119.6807236
"HU404A,CVPM15AS",36.35917,-119.682129,36.28902669,-119.6717404
"HU404B,CVPM15BG",36.187639,-119.756707,36.19390028,-119.7861426
"HU404B,CVPM15BS",36.187639,-119.756707,36.19390028,-119.7771594
"N9,HSU404BN9",36.101574,-119.898746,36.177341,-119.833717
"R402,HSUR402",36.143226,-119.296091,36.071045,-119.325802
"R_PIX,C59",35.926651,-119.385059,36.051739,-119.825585
"HNP403,HXI403",36.59079764,-119.4465826,36.59620697,-119.4465826
"HP403,U403",36.59620697,-119.4375994,36.59801,-119.442091
"HXI403,EXT_CVPM17",36.59620697,-119.4465826,36.59440391,-119.4465826
"INT_CVPM17,WWP403",36.59440391,-119.4375994,36.59079764,-119.442091
"U403,HXI403",36.59801,-119.442091,36.59620697,-119.4465826
"U403,INT_CVPM17",36.59801,-119.442091,36.59440391,-119.4375994
"WWP403,HNP403",36.59079764,-119.442091,36.59079764,-119.4465826
"WWP403,HP403",36.59079764,-119.442091,36.59620697,-119.4375994
"HNP405,HXI405",36.29953652,-119.3272766,36.30496619,-119.3272766
"HP405,U405",36.30496619,-119.3182934,36.306776,-119.322785
"HXI405,EXT_CVPM18",36.30496619,-119.3272766,36.30315634,-119.3272766
"INT_CVPM18,WWP405",36.30315634,-119.3182934,36.29953652,-119.322785
"U405,HXI405",36.306776,-119.322785,36.30496619,-119.3272766
"U405,INT_CVPM18",36.306776,-119.322785,36.30315634,-119.3182934
"WTP405,U405",36.30858577,-119.3160476,36.306776,-119.322785
"WWP405,HNP405",36.29953652,-119.322785,36.29953652,-119.3272766
"WWP405,HP405",36.29953652,-119.322785,36.30496619,-119.3182934
"HNP401,HXI401",36.74529311,-119.8241566,36.75069159,-119.8241566
"HP401,U401",36.75069159,-119.8151734,36.752491,-119.819665
"HXI401,EXT_FRESN",36.75069159,-119.8241566,36.74889214,-119.8241566
"INT_FRESN,WWP401",36.74889214,-119.8151734,36.74529311,-119.819665
"U401,HXI401",36.752491,-119.819665,36.75069159,-119.8241566
"U401,INT_FRESN",36.752491,-119.819665,36.74889214,-119.8151734
"WTP401,U401",36.75429037,-119.8129276,36.752491,-119.819665
"WWP401,HNP401",36.74529311,-119.819665,36.74529311,-119.8241566
"WWP401,HP401",36.74529311,-119.819665,36.75069159,-119.8151734
"WWP401,D605",36.74529311,-119.819665,36.865272,-119.803597
"WWP401,HGR16",36.74529311,-119.819665,36.708418,-119.799016
"WWP403,HGR17",36.59079764,-119.442091,36.579017,-119.416802
"WWP405,C59",36.29953652,-119.322785,36.051739,-119.825585
"WWP405,HGR18",36.29953652,-119.322785,36.150415,-119.216592
"N9,HSU404AN9",36.101574,-119.898746,36.311367,-119.917198
"PMP_Badger,D847",35.83651,-119.943413,35.718302,-120.005391
"PMP_Edmons,C103",34.944971,-118.82593,34.913763,-118.787793
"A402A,HU402A",36.425433,-120.201716,36.45894,-120.17798
"A402B,HU402B",36.363452,-120.220078,36.34375,-120.169796
"C75,D845",35.917365,-119.92026,35.853486,-119.89229
"CVPM14AG,HGR14",36.42181886,-120.2062076,36.377795,-120.116577
"CVPM14AS,HSD402A",36.42181886,-120.1972244,36.493151,-120.292076
"CVPM14BG,HGR14",36.35983497,-120.2245696,36.377795,-120.116577
"CVPM14BS,HSD402B",36.35983497,-120.2155864,36.44817,-120.312823
"D747,D749",36.55144,-120.42588,36.360416,-120.252512
"D749,D750",36.360416,-120.252512,36.233473,-120.068276
"D749,HSU402AD74",36.360416,-120.252512,36.440585,-120.272606
"D750,D751",36.233473,-120.068276,36.170419,-120.05027
"D750,WTP402",36.233473,-120.068276,36.20574115,-120.0955206
"D751,C75",36.170419,-120.05027,35.917365,-119.92026
"D845,PMP_LPeril",35.853486,-119.89229,35.845067,-119.909112
"Ext_CVPM14,HGR14",36.20030457,-120.1067496,36.377795,-120.116577
"GW_14,HGP14",36.399747,-120.206092,36.405866,-120.23003
"HGP14,A402A",36.405866,-120.23003,36.425433,-120.201716
"HGP14,A402B",36.405866,-120.23003,36.363452,-120.220078
"HGR14,GW_14",36.377795,-120.116577,36.399747,-120.206092
"HSD402A,D613",36.493151,-120.292076,36.746234,-120.424322
"HSD402B,D613",36.44817,-120.312823,36.746234,-120.424322
"HSU402AD74,A402A",36.440585,-120.272606,36.425433,-120.201716
"HU402A,CVPM14AG",36.45894,-120.17798,36.42181886,-120.2062076
"HU402A,CVPM14AS",36.45894,-120.17798,36.42181886,-120.1972244
"HU402B,CVPM14BG",36.34375,-120.169796,36.35983497,-120.2245696
"HU402B,CVPM14BS",36.34375,-120.169796,36.35983497,-120.2155864
"PMP_LPeril,PMP_Badger",35.845067,-119.909112,35.83651,-119.943413
"HNP402,HXI402",36.19667998,-120.1067496,36.20211681,-120.1067496
"HP402,U402",36.20211681,-120.0977664,36.203929,-120.102258
"HXI402,Ext_CVPM14",36.20211681,-120.1067496,36.20030457,-120.1067496
"INT_CVPM14,WWP402",36.20030457,-120.0977664,36.19667998,-120.102258
"U402,HXI402",36.203929,-120.102258,36.20211681,-120.1067496
"U402,INT_CVPM14",36.203929,-120.102258,36.20030457,-120.0977664
"WTP402,U402",36.20574115,-120.0955206,36.203929,-120.102258
"WWP402,HNP402",36.19667998,-120.102258,36.19667998,-120.1067496
"WWP402,HP402",36.19667998,-120.102258,36.20211681,-120.0977664
"U404,EXT_CVPM15",36.261964,-119.891962,36.25834226,-119.8964536
"U404,INT_CVPM15",36.261964,-119.891962,36.25834226,-119.8874704
"WWP402,HGR14",36.19667998,-120.102258,36.377795,-120.116577
"SR_ISB,C65",35.647348,-118.481225,35.431957,-118.945931
"SR_SCC,C57",36.060951,-118.922931,36.074013,-119.089061
"SR_TRM,C89",36.411949,-119.003936,36.371429,-119.099811
"C51,C53",36.816849,-119.383159,36.816849,-119.383159
"SR_PNF,C51",36.832949,-119.325957,36.816849,-119.383159
"WWP204,HGR08",38.61040484,-121.340437,38.33679,-121.007159
